-1.000000000000000000e+00,0.000000000000000000e+00,9.999500004166652842e-03,-9.999833334166664789e-05,-1.000000000000000021e-02,-1.000000000000000000e+00
-1.000000000000000000e+00,0.000000000000000000e+00,1.999750007083243158e-02,-2.999850002749974813e-04,-2.000000000000000042e-02,-1.000000000000000000e+00
-1.000000000000000000e+00,0.000000000000000000e+00,2.999300040832230535e-02,-5.999400022999540425e-04,-2.999999999999999889e-02,-1.000000000000000000e+00
-1.000000000000000000e+00,0.000000000000000000e+00,3.998500147493208590e-02,-9.998333441662956081e-04,-4.000000000000000083e-02,-1.000000000000000000e+00
-1.000000000000000000e+00,0.000000000000000000e+00,4.997250407888174928e-02,-1.499625036873078899e-03,-5.000000000000000278e-02,-1.000000000000000000e+00
-1.000000000000000000e+00,0.000000000000000000e+00,5.995450947823378895e-02,-2.099265101667524992e-03,-6.000000000000000472e-02,-1.000000000000000000e+00
-1.000000000000000000e+00,0.000000000000000000e+00,6.993001948076658925e-02,-2.798693575042852846e-03,-7.000000000000000666e-02,-1.000000000000000000e+00
-1.000000000000000000e+00,0.000000000000000000e+00,7.989803654379278031e-02,-3.597840514734579765e-03,-8.000000000000000167e-02,-1.000000000000000000e+00
-1.000000000000000000e+00,0.000000000000000000e+00,8.985756387391272137e-02,-4.496626006714690531e-03,-8.999999999999999667e-02,-1.000000000000000000e+00
-1.000000000000000000e+00,0.000000000000000000e+00,9.980760552669297458e-02,-5.494960173182971558e-03,-9.999999999999999167e-02,-1.000000000000000000e+00
-1.000000000000000000e+00,0.000000000000000000e+00,1.097471665062599439e-01,-6.592743181554719042e-03,-1.099999999999999867e-01,-1.000000000000000000e+00
-1.000000000000000000e+00,0.000000000000000000e+00,1.196752528647986036e-01,-7.789865254443912104e-03,-1.199999999999999817e-01,-1.000000000000000000e+00
-1.000000000000000000e+00,0.000000000000000000e+00,1.295908718019464778e-01,-9.086206680640860830e-03,-1.299999999999999767e-01,-1.000000000000000000e+00
-1.000000000000000000e+00,0.000000000000000000e+00,1.394930317640728501e-01,-1.048163782708322507e-02,-1.399999999999999856e-01,-1.000000000000000000e+00
-1.000000000000000000e+00,0.000000000000000000e+00,1.493807425434332814e-01,-1.197601915181921786e-02,-1.499999999999999944e-01,-1.000000000000000000e+00
-1.000000000000000000e+00,0.000000000000000000e+00,1.592530153771895551e-01,-1.356920121796167771e-02,-1.600000000000000033e-01,-1.000000000000000000e+00
-1.000000000000000000e+00,0.000000000000000000e+00,1.691088630462851683e-01,-1.526102470863163751e-02,-1.700000000000000122e-01,-1.000000000000000000e+00
-1.000000000000000000e+00,0.000000000000000000e+00,1.789472999741663906e-01,-1.705132044288987930e-02,-1.800000000000000211e-01,-1.000000000000000000e+00
-1.000000000000000000e+00,0.000000000000000000e+00,1.887673423253390936e-01,-1.893990939265488560e-02,-1.900000000000000300e-01,-1.000000000000000000e+00
-1.000000000000000000e+00,0.000000000000000000e+00,1.985680081037514977e-01,-2.092660270060549971e-02,-2.000000000000000389e-01,-1.000000000000000000e+00
-1.000000000000000000e+00,0.000000000000000000e+00,2.083483172509929815e-01,-2.301120169906649415e-02,-2.100000000000000477e-01,-1.000000000000000000e+00
-1.000000000000000000e+00,0.000000000000000000e+00,2.181072917442990478e-01,-2.519349792987518946e-02,-2.200000000000000566e-01,-1.000000000000000000e+00
-1.000000000000000000e+00,0.000000000000000000e+00,2.278439556943527844e-01,-2.747327316522707452e-02,-2.300000000000000655e-01,-1.000000000000000000e+00
-1.000000000000000000e+00,0.000000000000000000e+00,2.375573354428730799e-01,-2.985029942949841975e-02,-2.400000000000000744e-01,-1.000000000000000000e+00
-1.000000000000000000e+00,0.000000000000000000e+00,2.472464596599795172e-01,-3.232433902204365217e-02,-2.500000000000000555e-01,-1.000000000000000000e+00
-1.000000000000000000e+00,0.000000000000000000e+00,2.569103594413246761e-01,-3.489514454096520613e-02,-2.600000000000000644e-01,-1.000000000000000000e+00
-1.000000000000000000e+00,0.000000000000000000e+00,2.665480684049835736e-01,-3.756245890785352148e-02,-2.700000000000000733e-01,-1.000000000000000000e+00
-1.000000000000000000e+00,0.000000000000000000e+00,2.761586227880912792e-01,-4.032601539349466024e-02,-2.800000000000000822e-01,-1.000000000000000000e+00
-1.000000000000000000e+00,0.000000000000000000e+00,2.857410615432182666e-01,-4.318553764454301919e-02,-2.900000000000000910e-01,-1.000000000000000000e+00
-1.000000000000000000e+00,0.000000000000000000e+00,2.952944264344743441e-01,-4.614073971115641853e-02,-3.000000000000000999e-01,-1.000000000000000000e+00
-1.000000000000000000e+00,0.000000000000000000e+00,3.048177621333315046e-01,-4.919132607559085352e-02,-3.100000000000001088e-01,-1.000000000000000000e+00
-1.000000000000000000e+00,0.000000000000000000e+00,3.143101163141558962e-01,-5.233699168175202920e-02,-3.200000000000001177e-01,-1.000000000000000000e+00
-1.000000000000000000e+00,0.000000000000000000e+00,3.237705397494397563e-01,-5.557742196570071569e-02,-3.300000000000001266e-01,-1.000000000000000000e+00
-1.000000000000000000e+00,0.000000000000000000e+00,3.331980864047232038e-01,-5.891229288710886358e-02,-3.400000000000001354e-01,-1.000000000000000000e+00
-1.000000000000000000e+00,0.000000000000000000e+00,3.425918135331970094e-01,-6.234127096166337811e-02,-3.500000000000001443e-01,-1.000000000000000000e+00
-1.000000000000000000e+00,0.000000000000000000e+00,3.519507817699763508e-01,-6.586401329441428365e-02,-3.600000000000001532e-01,-1.000000000000000000e+00
-1.000000000000000000e+00,0.000000000000000000e+00,3.612740552260366722e-01,-6.948016761406390629e-02,-3.700000000000001621e-01,-1.000000000000000000e+00
-1.000000000000000000e+00,0.000000000000000000e+00,3.705607015818017658e-01,-7.318937230819373696e-02,-3.800000000000001710e-01,-1.000000000000000000e+00
-1.000000000000000000e+00,0.000000000000000000e+00,3.798097921803749166e-01,-7.699125645942535290e-02,-3.900000000000001799e-01,-1.000000000000000000e+00
-1.000000000000000000e+00,0.000000000000000000e+00,3.890204021204037854e-01,-8.088543988251185868e-02,-4.000000000000001887e-01,-1.000000000000000000e+00
-1.000000000000000000e+00,0.000000000000000000e+00,3.981916103485698133e-01,-8.487153316235608591e-02,-4.100000000000001976e-01,-1.000000000000000000e+00
-1.000000000000000000e+00,0.000000000000000000e+00,4.073224997516928791e-01,-8.894913769295179073e-02,-4.200000000000002065e-01,-1.000000000000000000e+00
-1.000000000000000000e+00,0.000000000000000000e+00,4.164121572484417166e-01,-9.311784571724390780e-02,-4.300000000000002154e-01,-1.000000000000000000e+00
-1.000000000000000000e+00,0.000000000000000000e+00,4.254596738806413758e-01,-9.737724036790390558e-02,-4.400000000000002243e-01,-1.000000000000000000e+00
-1.000000000000000000e+00,0.000000000000000000e+00,4.344641449041681258e-01,-1.017268957090162046e-01,-4.500000000000002331e-01,-1.000000000000000000e+00
-1.000000000000000000e+00,0.000000000000000000e+00,4.434246698794233610e-01,-1.061663767786714119e-01,-4.600000000000002420e-01,-1.000000000000000000e+00
-1.000000000000000000e+00,0.000000000000000000e+00,4.523403527613766295e-01,-1.106952396324620974e-01,-4.700000000000002509e-01,-1.000000000000000000e+00
-1.000000000000000000e+00,0.000000000000000000e+00,4.612103019891694577e-01,-1.153130313878769353e-01,-4.800000000000002598e-01,-1.000000000000000000e+00
-1.000000000000000000e+00,0.000000000000000000e+00,4.700336305752706445e-01,-1.200192902695885189e-01,-4.900000000000002687e-01,-1.000000000000000000e+00
-1.000000000000000000e+00,0.000000000000000000e+00,4.788094561941743654e-01,-1.248135456556305478e-01,-5.000000000000002220e-01,-1.000000000000000000e+00
-1.000000000000000000e+00,0.000000000000000000e+00,4.875369012706318728e-01,-1.296953181244596132e-01,-5.100000000000002309e-01,-1.000000000000000000e+00
-1.000000000000000000e+00,0.000000000000000000e+00,4.962150930674083527e-01,-1.346641195028969729e-01,-5.200000000000002398e-01,-1.000000000000000000e+00
-1.000000000000000000e+00,0.000000000000000000e+00,5.048431637725560028e-01,-1.397194529149454467e-01,-5.300000000000002487e-01,-1.000000000000000000e+00
-1.000000000000000000e+00,0.000000000000000000e+00,5.134202505861942267e-01,-1.448608128314765875e-01,-5.400000000000002576e-01,-1.000000000000000000e+00
-1.000000000000000000e+00,0.000000000000000000e+00,5.219454958067892836e-01,-1.500876851207831875e-01,-5.500000000000002665e-01,-1.000000000000000000e+00
-1.000000000000000000e+00,0.000000000000000000e+00,5.304180469169234025e-01,-1.553995470999920137e-01,-5.600000000000002753e-01,-1.000000000000000000e+00
-1.000000000000000000e+00,0.000000000000000000e+00,5.388370566685460883e-01,-1.607958675873317200e-01,-5.700000000000002842e-01,-1.000000000000000000e+00
-1.000000000000000000e+00,0.000000000000000000e+00,5.472016831676979054e-01,-1.662761069552504689e-01,-5.800000000000002931e-01,-1.000000000000000000e+00
-1.000000000000000000e+00,0.000000000000000000e+00,5.555110899586995776e-01,-1.718397171843783211e-01,-5.900000000000003020e-01,-1.000000000000000000e+00
-1.000000000000000000e+00,0.000000000000000000e+00,5.637644461077964131e-01,-1.774861419183286770e-01,-6.000000000000003109e-01,-1.000000000000000000e+00
-1.000000000000000000e+00,0.000000000000000000e+00,5.719609262862511700e-01,-1.832148165193334954e-01,-6.100000000000003197e-01,-1.000000000000000000e+00
-1.000000000000000000e+00,0.000000000000000000e+00,5.800997108528764823e-01,-1.890251681247065441e-01,-6.200000000000003286e-01,-1.000000000000000000e+00
-1.000000000000000000e+00,0.000000000000000000e+00,5.881799859359979621e-01,-1.949166157041292424e-01,-6.300000000000003375e-01,-1.000000000000000000e+00
-1.000000000000000000e+00,0.000000000000000000e+00,5.962009435148408754e-01,-2.008885701177531569e-01,-6.400000000000003464e-01,-1.000000000000000000e+00
-1.000000000000000000e+00,0.000000000000000000e+00,6.041617815003313963e-01,-2.069404341751135690e-01,-6.500000000000003553e-01,-1.000000000000000000e+00
-1.000000000000000000e+00,0.000000000000000000e+00,6.120617038153050027e-01,-2.130716026948479003e-01,-6.600000000000003642e-01,-1.000000000000000000e+00
-1.000000000000000000e+00,0.000000000000000000e+00,6.198999204741134639e-01,-2.192814625652134974e-01,-6.700000000000003730e-01,-1.000000000000000000e+00
-1.000000000000000000e+00,0.000000000000000000e+00,6.276756476616227598e-01,-2.255693928053981723e-01,-6.800000000000003819e-01,-1.000000000000000000e+00
-1.000000000000000000e+00,0.000000000000000000e+00,6.353881078115938275e-01,-2.319347646276178621e-01,-6.900000000000003908e-01,-1.000000000000000000e+00
-1.000000000000000000e+00,0.000000000000000000e+00,6.430365296844386958e-01,-2.383769414999947767e-01,-7.000000000000003997e-01,-1.000000000000000000e+00
-1.000000000000000000e+00,0.000000000000000000e+00,6.506201484443437932e-01,-2.448952792102101483e-01,-7.100000000000004086e-01,-1.000000000000000000e+00
-1.000000000000000000e+00,0.000000000000000000e+00,6.581382057357527682e-01,-2.514891259299248949e-01,-7.200000000000004174e-01,-1.000000000000000000e+00
-1.000000000000000000e+00,0.000000000000000000e+00,6.655899497592014935e-01,-2.581578222799618683e-01,-7.300000000000004263e-01,-1.000000000000000000e+00
-1.000000000000000000e+00,0.000000000000000000e+00,6.729746353464973740e-01,-2.649007013962433321e-01,-7.400000000000004352e-01,-1.000000000000000000e+00
-1.000000000000000000e+00,0.000000000000000000e+00,6.802915240352356285e-01,-2.717170889964766745e-01,-7.500000000000004441e-01,-1.000000000000000000e+00
-1.000000000000000000e+00,0.000000000000000000e+00,6.875398841426446639e-01,-2.786063034475821931e-01,-7.600000000000004530e-01,-1.000000000000000000e+00
-1.000000000000000000e+00,0.000000000000000000e+00,6.947189908387541024e-01,-2.855676558338557380e-01,-7.700000000000004619e-01,-1.000000000000000000e+00
-1.000000000000000000e+00,0.000000000000000000e+00,7.018281262188769132e-01,-2.926004500258598262e-01,-7.800000000000004707e-01,-1.000000000000000000e+00
-1.000000000000000000e+00,0.000000000000000000e+00,7.088665793753993194e-01,-2.997039827500359022e-01,-7.900000000000004796e-01,-1.000000000000000000e+00
-1.000000000000000000e+00,0.000000000000000000e+00,7.158336464688709322e-01,-3.068775436590311378e-01,-8.000000000000004885e-01,-1.000000000000000000e+00
-1.000000000000000000e+00,0.000000000000000000e+00,7.227286307983884495e-01,-3.141204154027325557e-01,-8.100000000000004974e-01,-1.000000000000000000e+00
-1.000000000000000000e+00,0.000000000000000000e+00,7.295508428712645932e-01,-3.214318737000015358e-01,-8.200000000000005063e-01,-1.000000000000000000e+00
-1.000000000000000000e+00,0.000000000000000000e+00,7.362996004719772891e-01,-3.288111874111011579e-01,-8.300000000000005151e-01,-1.000000000000000000e+00
-1.000000000000000000e+00,0.000000000000000000e+00,7.429742287303903181e-01,-3.362576186108097720e-01,-8.400000000000005240e-01,-1.000000000000000000e+00
-1.000000000000000000e+00,0.000000000000000000e+00,7.495740601892401100e-01,-3.437704226622126935e-01,-8.500000000000005329e-01,-1.000000000000000000e+00
-1.000000000000000000e+00,0.000000000000000000e+00,7.560984348708805758e-01,-3.513488482911654720e-01,-8.600000000000005418e-01,-1.000000000000000000e+00
-1.000000000000000000e+00,0.000000000000000000e+00,7.625467003432805368e-01,-3.589921376614205184e-01,-8.700000000000005507e-01,-1.000000000000000000e+00
-1.000000000000000000e+00,0.000000000000000000e+00,7.689182117852663145e-01,-3.666995264504102070e-01,-8.800000000000005596e-01,-1.000000000000000000e+00
-1.000000000000000000e+00,0.000000000000000000e+00,7.752123320510032611e-01,-3.744702439256784587e-01,-8.900000000000005684e-01,-1.000000000000000000e+00
-1.000000000000000000e+00,0.000000000000000000e+00,7.814284317337099051e-01,-3.823035130219533118e-01,-9.000000000000005773e-01,-1.000000000000000000e+00
-1.000000000000000000e+00,0.000000000000000000e+00,7.875658892285980484e-01,-3.901985504188528187e-01,-9.100000000000005862e-01,-1.000000000000000000e+00
-1.000000000000000000e+00,0.000000000000000000e+00,7.936240907950327106e-01,-3.981545666192164989e-01,-9.200000000000005951e-01,-1.000000000000000000e+00
-1.000000000000000000e+00,0.000000000000000000e+00,7.996024306179057017e-01,-4.061707660280542975e-01,-9.300000000000006040e-01,-1.000000000000000000e+00
-1.000000000000000000e+00,0.000000000000000000e+00,8.055003108682167179e-01,-4.142463470321054442e-01,-9.400000000000006128e-01,-1.000000000000000000e+00
-1.000000000000000000e+00,0.000000000000000000e+00,8.113171417628555204e-01,-4.223805020799991650e-01,-9.500000000000006217e-01,-1.000000000000000000e+00
-1.000000000000000000e+00,0.000000000000000000e+00,8.170523416235800918e-01,-4.305724177630091409e-01,-9.600000000000006306e-01,-1.000000000000000000e+00
-1.000000000000000000e+00,0.000000000000000000e+00,8.227053369351836620e-01,-4.388212748963936649e-01,-9.700000000000006395e-01,-1.000000000000000000e+00
-1.000000000000000000e+00,0.000000000000000000e+00,8.282755624028458330e-01,-4.471262486013133919e-01,-9.800000000000006484e-01,-1.000000000000000000e+00
-1.000000000000000000e+00,0.000000000000000000e+00,8.337624610086616928e-01,-4.554865083873185783e-01,-9.900000000000006573e-01,-1.000000000000000000e+00
-1.000000000000000000e+00,0.000000000000000000e+00,8.391654840673430371e-01,-4.639012182353975389e-01,-1.000000000000000666e+00,-1.000000000000000000e+00
-1.000000000000000000e+00,0.000000000000000000e+00,8.444840912810865907e-01,-4.723695366815777175e-01,-1.010000000000000675e+00,-1.000000000000000000e+00
-1.000000000000000000e+00,0.000000000000000000e+00,8.497177507936031216e-01,-4.808906169010713771e-01,-1.020000000000000684e+00,-1.000000000000000000e+00
-1.000000000000000000e+00,0.000000000000000000e+00,8.548659392433026749e-01,-4.894636067929574175e-01,-1.030000000000000693e+00,-1.000000000000000000e+00
-1.000000000000000000e+00,0.000000000000000000e+00,8.599281418156304868e-01,-4.980876490653908251e-01,-1.040000000000000702e+00,-1.000000000000000000e+00
-1.000000000000000000e+00,0.000000000000000000e+00,8.649038522945478036e-01,-5.067618813213310425e-01,-1.050000000000000711e+00,-1.000000000000000000e+00
-1.000000000000000000e+00,0.000000000000000000e+00,8.697925731131530558e-01,-5.154854361447809286e-01,-1.060000000000000719e+00,-1.000000000000000000e+00
-1.000000000000000000e+00,0.000000000000000000e+00,8.745938154034383905e-01,-5.242574411875277063e-01,-1.070000000000000728e+00,-1.000000000000000000e+00
-1.000000000000000000e+00,0.000000000000000000e+00,8.793070990451757885e-01,-5.330770192563771825e-01,-1.080000000000000737e+00,-1.000000000000000000e+00
-1.000000000000000000e+00,0.000000000000000000e+00,8.839319527139287702e-01,-5.419432884008720253e-01,-1.090000000000000746e+00,-1.000000000000000000e+00
-1.000000000000000000e+00,0.000000000000000000e+00,8.884679139281845828e-01,-5.508553620014864372e-01,-1.100000000000000755e+00,-1.000000000000000000e+00
-1.000000000000000000e+00,0.000000000000000000e+00,8.929145290956016501e-01,-5.598123488582869012e-01,-1.110000000000000764e+00,-1.000000000000000000e+00
-1.000000000000000000e+00,0.000000000000000000e+00,8.972713535583687339e-01,-5.688133532800520031e-01,-1.120000000000000773e+00,-1.000000000000000000e+00
-1.000000000000000000e+00,0.000000000000000000e+00,9.015379516376702540e-01,-5.778574751738402293e-01,-1.130000000000000782e+00,-1.000000000000000000e+00
-1.000000000000000000e+00,0.000000000000000000e+00,9.057138966772538824e-01,-5.869438101349990777e-01,-1.140000000000000790e+00,-1.000000000000000000e+00
-1.000000000000000000e+00,0.000000000000000000e+00,9.097987710860954147e-01,-5.960714495376042699e-01,-1.150000000000000799e+00,-1.000000000000000000e+00
-1.000000000000000000e+00,0.000000000000000000e+00,9.137921663801581440e-01,-6.052394806253219572e-01,-1.160000000000000808e+00,-1.000000000000000000e+00
-1.000000000000000000e+00,0.000000000000000000e+00,9.176936832232404084e-01,-6.144469866026832650e-01,-1.170000000000000817e+00,-1.000000000000000000e+00
-1.000000000000000000e+00,0.000000000000000000e+00,9.215029314669092031e-01,-6.236930467267635114e-01,-1.180000000000000826e+00,-1.000000000000000000e+00
-1.000000000000000000e+00,0.000000000000000000e+00,9.252195301895145274e-01,-6.329767363992552243e-01,-1.190000000000000835e+00,-1.000000000000000000e+00
-1.000000000000000000e+00,0.000000000000000000e+00,9.288431077342812481e-01,-6.422971272589275138e-01,-1.200000000000000844e+00,-1.000000000000000000e+00
-1.000000000000000000e+00,0.000000000000000000e+00,9.323733017464745920e-01,-6.516532872744613680e-01,-1.210000000000000853e+00,-1.000000000000000000e+00
-1.000000000000000000e+00,0.000000000000000000e+00,9.358097592096350503e-01,-6.610442808376520984e-01,-1.220000000000000862e+00,-1.000000000000000000e+00
-1.000000000000000000e+00,0.000000000000000000e+00,9.391521364808800287e-01,-6.704691688569690555e-01,-1.230000000000000870e+00,-1.000000000000000000e+00
-1.000000000000000000e+00,0.000000000000000000e+00,9.424000993252678038e-01,-6.799270088514643984e-01,-1.240000000000000879e+00,-1.000000000000000000e+00
-1.000000000000000000e+00,0.000000000000000000e+00,9.455533229492204539e-01,-6.894168550450202604e-01,-1.250000000000000888e+00,-1.000000000000000000e+00
-1.000000000000000000e+00,0.000000000000000000e+00,9.486114920330033229e-01,-6.989377584609254290e-01,-1.260000000000000897e+00,-1.000000000000000000e+00
-1.000000000000000000e+00,0.000000000000000000e+00,9.515743007622564642e-01,-7.084887670167723250e-01,-1.270000000000000906e+00,-1.000000000000000000e+00
-1.000000000000000000e+00,0.000000000000000000e+00,9.544414528585759561e-01,-7.180689256196646220e-01,-1.280000000000000915e+00,-1.000000000000000000e+00
-1.000000000000000000e+00,0.000000000000000000e+00,9.572126616091415352e-01,-7.276772762617254031e-01,-1.290000000000000924e+00,-1.000000000000000000e+00
-1.000000000000000000e+00,0.000000000000000000e+00,9.598876498953874403e-01,-7.373128581158973072e-01,-1.300000000000000933e+00,-1.000000000000000000e+00
-1.000000000000000000e+00,0.000000000000000000e+00,9.624661502207141339e-01,-7.469747076320246704e-01,-1.310000000000000941e+00,-1.000000000000000000e+00
-1.000000000000000000e+00,0.000000000000000000e+00,9.649479047372379048e-01,-7.566618586332073404e-01,-1.320000000000000950e+00,-1.000000000000000000e+00
-1.000000000000000000e+00,0.000000000000000000e+00,9.673326652715751317e-01,-7.663733424124178351e-01,-1.330000000000000959e+00,-1.000000000000000000e+00
-1.000000000000000000e+00,0.000000000000000000e+00,9.696201933496597647e-01,-7.761081878293710767e-01,-1.340000000000000968e+00,-1.000000000000000000e+00
-1.000000000000000000e+00,0.000000000000000000e+00,9.718102602205901386e-01,-7.858654214076377098e-01,-1.350000000000000977e+00,-1.000000000000000000e+00
-1.000000000000000000e+00,0.000000000000000000e+00,9.739026468795043412e-01,-7.956440674319908979e-01,-1.360000000000000986e+00,-1.000000000000000000e+00
-1.000000000000000000e+00,0.000000000000000000e+00,9.758971440894800287e-01,-8.054431480459770532e-01,-1.370000000000000995e+00,-1.000000000000000000e+00
-1.000000000000000000e+00,0.000000000000000000e+00,9.777935524024583547e-01,-8.152616833497006166e-01,-1.380000000000001004e+00,-1.000000000000000000e+00
-1.000000000000000000e+00,0.000000000000000000e+00,9.795916821791883500e-01,-8.250986914978133413e-01,-1.390000000000001013e+00,-1.000000000000000000e+00
-1.000000000000000000e+00,0.000000000000000000e+00,9.812913536081907528e-01,-8.349531887976979760e-01,-1.400000000000001021e+00,-1.000000000000000000e+00
-1.000000000000000000e+00,0.000000000000000000e+00,9.828923967237390702e-01,-8.448241898078364676e-01,-1.410000000000001030e+00,-1.000000000000000000e+00
-1.000000000000000000e+00,0.000000000000000000e+00,9.843946514228558708e-01,-8.547107074363536894e-01,-1.420000000000001039e+00,-1.000000000000000000e+00
-1.000000000000000000e+00,0.000000000000000000e+00,9.857979674813232007e-01,-8.646117530397254836e-01,-1.430000000000001048e+00,-1.000000000000000000e+00
-1.000000000000000000e+00,0.000000000000000000e+00,9.871022045687046775e-01,-8.745263365216423557e-01,-1.440000000000001057e+00,-1.000000000000000000e+00
-1.000000000000000000e+00,0.000000000000000000e+00,9.883072322623783768e-01,-8.844534664320182760e-01,-1.450000000000001066e+00,-1.000000000000000000e+00
-1.000000000000000000e+00,0.000000000000000000e+00,9.894129300605790656e-01,-8.943921500661347057e-01,-1.460000000000001075e+00,-1.000000000000000000e+00
-1.000000000000000000e+00,0.000000000000000000e+00,9.904191873944483415e-01,-9.043413935639105228e-01,-1.470000000000001084e+00,-1.000000000000000000e+00
-1.000000000000000000e+00,0.000000000000000000e+00,9.913259036390914547e-01,-9.143002020092869664e-01,-1.480000000000001092e+00,-1.000000000000000000e+00
-1.000000000000000000e+00,0.000000000000000000e+00,9.921329881236394810e-01,-9.242675795297183861e-01,-1.490000000000001101e+00,-1.000000000000000000e+00
-1.000000000000000000e+00,0.000000000000000000e+00,9.928403601403165135e-01,-9.342425293957589139e-01,-1.500000000000001110e+00,-1.000000000000000000e+00
-1.000000000000000000e+00,0.000000000000000000e+00,9.934479489525103180e-01,-9.442240541207344018e-01,-1.510000000000001119e+00,-1.000000000000000000e+00
-1.000000000000000000e+00,0.000000000000000000e+00,9.939556938018461185e-01,-9.542111555604901874e-01,-1.520000000000001128e+00,-1.000000000000000000e+00
-1.000000000000000000e+00,0.000000000000000000e+00,9.943635439142620713e-01,-9.642028350132049175e-01,-1.530000000000001137e+00,-1.000000000000000000e+00
-1.000000000000000000e+00,0.000000000000000000e+00,9.946714585050867585e-01,-9.741980933192596614e-01,-1.540000000000001146e+00,-1.000000000000000000e+00
-1.000000000000000000e+00,0.000000000000000000e+00,9.948794067831177035e-01,-9.841959309611532092e-01,-1.550000000000001155e+00,-1.000000000000000000e+00
-1.000000000000000000e+00,0.000000000000000000e+00,9.949873679537003524e-01,-9.941953481634528966e-01,-1.560000000000001164e+00,-1.000000000000000000e+00
-1.000000000000000000e+00,0.000000000000000000e+00,9.949953312208076328e-01,-1.004195344992771188e+00,-1.570000000000001172e+00,-1.000000000000000000e+00
-1.000000000000000000e+00,0.000000000000000000e+00,9.949032957881195349e-01,-1.014194921457758580e+00,-1.580000000000001181e+00,-1.000000000000000000e+00
-1.000000000000000000e+00,0.000000000000000000e+00,9.947112708591026031e-01,-1.024193077609101499e+00,-1.590000000000001190e+00,-1.000000000000000000e+00
-1.000000000000000000e+00,0.000000000000000000e+00,9.944192756360896723e-01,-1.034188813639516535e+00,-1.600000000000001199e+00,-1.000000000000000000e+00
-1.000000000000000000e+00,0.000000000000000000e+00,9.940273393183597372e-01,-1.044181129983730472e+00,-1.610000000000001208e+00,-1.000000000000000000e+00
-1.000000000000000000e+00,0.000000000000000000e+00,9.935355010992180658e-01,-1.054169027418435656e+00,-1.620000000000001217e+00,-1.000000000000000000e+00
-1.000000000000000000e+00,0.000000000000000000e+00,9.929438101620765567e-01,-1.064151507162212074e+00,-1.630000000000001226e+00,-1.000000000000000000e+00
-1.000000000000000000e+00,0.000000000000000000e+00,9.922523256755358956e-01,-1.074127570975403900e+00,-1.640000000000001235e+00,-1.000000000000000000e+00
-1.000000000000000000e+00,0.000000000000000000e+00,9.914611167874685105e-01,-1.084096221259942983e+00,-1.650000000000001243e+00,-1.000000000000000000e+00
-1.000000000000000000e+00,0.000000000000000000e+00,9.905702626181038806e-01,-1.094056461159108373e+00,-1.660000000000001252e+00,-1.000000000000000000e+00
-1.000000000000000000e+00,0.000000000000000000e+00,9.895798522521165319e-01,-1.104007294657210148e+00,-1.670000000000001261e+00,-1.000000000000000000e+00
-1.000000000000000000e+00,0.000000000000000000e+00,9.884899847297178299e-01,-1.113947726679190842e+00,-1.680000000000001270e+00,-1.000000000000000000e+00
-1.000000000000000000e+00,0.000000000000000000e+00,9.873007690367516798e-01,-1.123876763190132078e+00,-1.690000000000001279e+00,-1.000000000000000000e+00
-1.000000000000000000e+00,0.000000000000000000e+00,9.860123240937964662e-01,-1.133793411294656828e+00,-1.700000000000001288e+00,-1.000000000000000000e+00
-1.000000000000000000e+00,0.000000000000000000e+00,9.846247787442726773e-01,-1.143696679336218436e+00,-1.710000000000001297e+00,-1.000000000000000000e+00
-1.000000000000000000e+00,0.000000000000000000e+00,9.831382717415589889e-01,-1.153585576996265516e+00,-1.720000000000001306e+00,-1.000000000000000000e+00
-1.000000000000000000e+00,0.000000000000000000e+00,9.815529517351170297e-01,-1.163459115393272736e+00,-1.730000000000001315e+00,-1.000000000000000000e+00
-1.000000000000000000e+00,0.000000000000000000e+00,9.798689772556262723e-01,-1.173316307181628160e+00,-1.740000000000001323e+00,-1.000000000000000000e+00
-1.000000000000000000e+00,0.000000000000000000e+00,9.780865166991313808e-01,-1.183156166650367602e+00,-1.750000000000001332e+00,-1.000000000000000000e+00
-1.000000000000000000e+00,0.000000000000000000e+00,9.762057483102025701e-01,-1.192977709821743781e+00,-1.760000000000001341e+00,-1.000000000000000000e+00
-1.000000000000000000e+00,0.000000000000000000e+00,9.742268601641114190e-01,-1.202779954549624275e+00,-1.770000000000001350e+00,-1.000000000000000000e+00
-1.000000000000000000e+00,0.000000000000000000e+00,9.721500501480235812e-01,-1.212561920617704736e+00,-1.780000000000001359e+00,-1.000000000000000000e+00
-1.000000000000000000e+00,0.000000000000000000e+00,9.699755259412099484e-01,-1.222322629837530039e+00,-1.790000000000001368e+00,-1.000000000000000000e+00
-1.000000000000000000e+00,0.000000000000000000e+00,9.677035049942790401e-01,-1.232061106146312035e+00,-1.800000000000001377e+00,-1.000000000000000000e+00
-1.000000000000000000e+00,0.000000000000000000e+00,9.653342145074322866e-01,-1.241776375704535251e+00,-1.810000000000001386e+00,-1.000000000000000000e+00
-1.000000000000000000e+00,0.000000000000000000e+00,9.628678914077439810e-01,-1.251467466993339883e+00,-1.820000000000001394e+00,-1.000000000000000000e+00
-1.000000000000000000e+00,0.000000000000000000e+00,9.603047823254687865e-01,-1.261133410911672748e+00,-1.830000000000001403e+00,-1.000000000000000000e+00
-1.000000000000000000e+00,0.000000000000000000e+00,9.576451435693790204e-01,-1.270773240873197318e+00,-1.840000000000001412e+00,-1.000000000000000000e+00
-1.000000000000000000e+00,0.000000000000000000e+00,9.548892411011338233e-01,-1.280385992902950409e+00,-1.850000000000001421e+00,-1.000000000000000000e+00
-1.000000000000000000e+00,0.000000000000000000e+00,9.520373505086836552e-01,-1.289970705733739509e+00,-1.860000000000001430e+00,-1.000000000000000000e+00
-1.000000000000000000e+00,0.000000000000000000e+00,9.490897569787110077e-01,-1.299526420902268997e+00,-1.870000000000001439e+00,-1.000000000000000000e+00
-1.000000000000000000e+00,0.000000000000000000e+00,9.460467552681126602e-01,-1.309052182844985035e+00,-1.880000000000001448e+00,-1.000000000000000000e+00
-1.000000000000000000e+00,0.000000000000000000e+00,9.429086496745238133e-01,-1.318547038993631348e+00,-1.890000000000001457e+00,-1.000000000000000000e+00
-1.000000000000000000e+00,0.000000000000000000e+00,9.396757540058887637e-01,-1.328010039870505477e+00,-1.900000000000001465e+00,-1.000000000000000000e+00
-1.000000000000000000e+00,0.000000000000000000e+00,9.363483915490803389e-01,-1.337440239183405488e+00,-1.910000000000001474e+00,-1.000000000000000000e+00
-1.000000000000000000e+00,0.000000000000000000e+00,9.329268950375713132e-01,-1.346836693920258732e+00,-1.920000000000001483e+00,-1.000000000000000000e+00
-1.000000000000000000e+00,0.000000000000000000e+00,9.294116066181616898e-01,-1.356198464443421736e+00,-1.930000000000001492e+00,-1.000000000000000000e+00
-1.000000000000000000e+00,0.000000000000000000e+00,9.258028778167639583e-01,-1.365524614583643714e+00,-1.940000000000001501e+00,-1.000000000000000000e+00
-1.000000000000000000e+00,0.000000000000000000e+00,9.221010695032511029e-01,-1.374814211733682345e+00,-1.950000000000001510e+00,-1.000000000000000000e+00
-1.000000000000000000e+00,0.000000000000000000e+00,9.183065518553695794e-01,-1.384066326941564062e+00,-1.960000000000001519e+00,-1.000000000000000000e+00
-1.000000000000000000e+00,0.000000000000000000e+00,9.144197043217220378e-01,-1.393280035003477968e+00,-1.970000000000001528e+00,-1.000000000000000000e+00
-1.000000000000000000e+00,0.000000000000000000e+00,9.104409155838228962e-01,-1.402454414556296047e+00,-1.980000000000001537e+00,-1.000000000000000000e+00
-1.000000000000000000e+00,0.000000000000000000e+00,9.063705835172302105e-01,-1.411588548169708357e+00,-1.990000000000001545e+00,-1.000000000000000000e+00
-1.000000000000000000e+00,0.000000000000000000e+00,9.022091151517587226e-01,-1.420681522437965194e+00,-2.000000000000001332e+00,-1.000000000000000000e+00
-1.000000000000000000e+00,0.000000000000000000e+00,8.979569266307771969e-01,-1.429732428071217143e+00,-2.010000000000001119e+00,-1.000000000000000000e+00
-1.000000000000000000e+00,0.000000000000000000e+00,8.936144431695941526e-01,-1.438740359986443451e+00,-2.020000000000000906e+00,-1.000000000000000000e+00
-1.000000000000000000e+00,0.000000000000000000e+00,8.891820990129370994e-01,-1.447704417397958965e+00,-2.030000000000000693e+00,-1.000000000000000000e+00
-1.000000000000000000e+00,0.000000000000000000e+00,8.846603373915279400e-01,-1.456623703907492740e+00,-2.040000000000000480e+00,-1.000000000000000000e+00
-1.000000000000000000e+00,0.000000000000000000e+00,8.800496104777607576e-01,-1.465497327593826560e+00,-2.050000000000000266e+00,-1.000000000000000000e+00
-1.000000000000000000e+00,0.000000000000000000e+00,8.753503793404847633e-01,-1.474324401101986259e+00,-2.060000000000000053e+00,-1.000000000000000000e+00
-1.000000000000000000e+00,0.000000000000000000e+00,8.705631138988975115e-01,-1.483104041731976963e+00,-2.069999999999999840e+00,-1.000000000000000000e+00
-1.000000000000000000e+00,0.000000000000000000e+00,8.656882928755539330e-01,-1.491835371527052034e+00,-2.079999999999999627e+00,-1.000000000000000000e+00
-1.000000000000000000e+00,0.000000000000000000e+00,8.607264037484939623e-01,-1.500517517361508180e+00,-2.089999999999999414e+00,-1.000000000000000000e+00
-1.000000000000000000e+00,0.000000000000000000e+00,8.556779427024954199e-01,-1.509149611027996940e+00,-2.099999999999999201e+00,-1.000000000000000000e+00
-1.000000000000000000e+00,0.000000000000000000e+00,8.505434145794558143e-01,-1.517730789324345020e+00,-2.109999999999998987e+00,-1.000000000000000000e+00
-1.000000000000000000e+00,0.000000000000000000e+00,8.453233328279087244e-01,-1.526260194139873683e+00,-2.119999999999998774e+00,-1.000000000000000000e+00
-1.000000000000000000e+00,0.000000000000000000e+00,8.400182194516793155e-01,-1.534736972541209443e+00,-2.129999999999998561e+00,-1.000000000000000000e+00
-1.000000000000000000e+00,0.000000000000000000e+00,8.346286049576842059e-01,-1.543160276857575841e+00,-2.139999999999998348e+00,-1.000000000000000000e+00
-1.000000000000000000e+00,0.000000000000000000e+00,8.291550283028814583e-01,-1.551529264765560745e+00,-2.149999999999998135e+00,-1.000000000000000000e+00
-1.000000000000000000e+00,0.000000000000000000e+00,8.235980368403753582e-01,-1.559843099373347641e+00,-2.159999999999997922e+00,-1.000000000000000000e+00
-1.000000000000000000e+00,0.000000000000000000e+00,8.179581862646813084e-01,-1.568100949304403802e+00,-2.169999999999997708e+00,-1.000000000000000000e+00
-1.000000000000000000e+00,0.000000000000000000e+00,8.122360405561569463e-01,-1.576301988780617558e+00,-2.179999999999997495e+00,-1.000000000000000000e+00
-1.000000000000000000e+00,0.000000000000000000e+00,8.064321719246047016e-01,-1.584445397704875580e+00,-2.189999999999997282e+00,-1.000000000000000000e+00
-1.000000000000000000e+00,0.000000000000000000e+00,8.005471607520512345e-01,-1.592530361743071499e+00,-2.199999999999997069e+00,-1.000000000000000000e+00
-1.000000000000000000e+00,0.000000000000000000e+00,7.945815955347096393e-01,-1.600556072405538988e+00,-2.209999999999996856e+00,-1.000000000000000000e+00
-1.000000000000000000e+00,0.000000000000000000e+00,7.885360728241304074e-01,-1.608521727127899981e+00,-2.219999999999996643e+00,-1.000000000000000000e+00
-1.000000000000000000e+00,0.000000000000000000e+00,7.824111971675465904e-01,-1.616426529351320029e+00,-2.229999999999996430e+00,-1.000000000000000000e+00
-1.000000000000000000e+00,0.000000000000000000e+00,7.762075810474198256e-01,-1.624269688602164363e+00,-2.239999999999996216e+00,-1.000000000000000000e+00
-1.000000000000000000e+00,0.000000000000000000e+00,7.699258448201924399e-01,-1.632050420571043547e+00,-2.249999999999996003e+00,-1.000000000000000000e+00
-1.000000000000000000e+00,0.000000000000000000e+00,7.635666166542524058e-01,-1.639767947191244746e+00,-2.259999999999995790e+00,-1.000000000000000000e+00
-1.000000000000000000e+00,0.000000000000000000e+00,7.571305324671170345e-01,-1.647421496716537259e+00,-2.269999999999995577e+00,-1.000000000000000000e+00
-1.000000000000000000e+00,0.000000000000000000e+00,7.506182358618416206e-01,-1.655010303798346571e+00,-2.279999999999995364e+00,-1.000000000000000000e+00
-1.000000000000000000e+00,0.000000000000000000e+00,7.440303780626598140e-01,-1.662533609562288239e+00,-2.289999999999995151e+00,-1.000000000000000000e+00
-1.000000000000000000e+00,0.000000000000000000e+00,7.373676178498616007e-01,-1.669990661684055411e+00,-2.299999999999994937e+00,-1.000000000000000000e+00
-1.000000000000000000e+00,0.000000000000000000e+00,7.306306214939159993e-01,-1.677380714464650202e+00,-2.309999999999994724e+00,-1.000000000000000000e+00
-1.000000000000000000e+00,0.000000000000000000e+00,7.238200626888444678e-01,-1.684703028904952715e+00,-2.319999999999994511e+00,-1.000000000000000000e+00
-1.000000000000000000e+00,0.000000000000000000e+00,7.169366224848521263e-01,-1.691956872779621035e+00,-2.329999999999994298e+00,-1.000000000000000000e+00
-1.000000000000000000e+00,0.000000000000000000e+00,7.099809892202231243e-01,-1.699141520710312436e+00,-2.339999999999994085e+00,-1.000000000000000000e+00
-1.000000000000000000e+00,0.000000000000000000e+00,7.029538584524875899e-01,-1.706256254238220915e+00,-2.349999999999993872e+00,-1.000000000000000000e+00
-1.000000000000000000e+00,0.000000000000000000e+00,6.958559328888663797e-01,-1.713300361895922830e+00,-2.359999999999993658e+00,-1.000000000000000000e+00
-1.000000000000000000e+00,0.000000000000000000e+00,6.886879223160009555e-01,-1.720273139278522212e+00,-2.369999999999993445e+00,-1.000000000000000000e+00
-1.000000000000000000e+00,0.000000000000000000e+00,6.814505435289752722e-01,-1.727173889114091532e+00,-2.379999999999993232e+00,-1.000000000000000000e+00
-1.000000000000000000e+00,0.000000000000000000e+00,6.741445202596370034e-01,-1.734001921333397922e+00,-2.389999999999993019e+00,-1.000000000000000000e+00
-1.000000000000000000e+00,0.000000000000000000e+00,6.667705831042245457e-01,-1.740756553138909535e+00,-2.399999999999992806e+00,-1.000000000000000000e+00
-1.000000000000000000e+00,0.000000000000000000e+00,6.593294694503086806e-01,-1.747437109073074479e+00,-2.409999999999992593e+00,-1.000000000000000000e+00
-1.000000000000000000e+00,0.000000000000000000e+00,6.518219234030537823e-01,-1.754042921085866569e+00,-2.419999999999992379e+00,-1.000000000000000000e+00
-1.000000000000000000e+00,0.000000000000000000e+00,6.442486957108084500e-01,-1.760573328601589216e+00,-2.429999999999992166e+00,-1.000000000000000000e+00
-1.000000000000000000e+00,0.000000000000000000e+00,6.366105436900307835e-01,-1.767027678584933037e+00,-2.439999999999991953e+00,-1.000000000000000000e+00
-1.000000000000000000e+00,0.000000000000000000e+00,6.289082311495577393e-01,-1.773405325606278060e+00,-2.449999999999991740e+00,-1.000000000000000000e+00
-1.000000000000000000e+00,0.000000000000000000e+00,6.211425283142248954e-01,-1.779705631906236984e+00,-2.459999999999991527e+00,-1.000000000000000000e+00
-1.000000000000000000e+00,0.000000000000000000e+00,6.133142117478442845e-01,-1.785927967459430166e+00,-2.469999999999991314e+00,-1.000000000000000000e+00
-1.000000000000000000e+00,0.000000000000000000e+00,6.054240642755490676e-01,-1.792071710037487442e+00,-2.479999999999991100e+00,-1.000000000000000000e+00
-1.000000000000000000e+00,0.000000000000000000e+00,5.974728749055112642e-01,-1.798136245271270584e+00,-2.489999999999990887e+00,-1.000000000000000000e+00
-1.000000000000000000e+00,0.000000000000000000e+00,5.894614387500419772e-01,-1.804120966712310148e+00,-2.499999999999990674e+00,-1.000000000000000000e+00
-1.000000000000000000e+00,0.000000000000000000e+00,5.813905569460805500e-01,-1.810025275893449415e+00,-2.509999999999990461e+00,-1.000000000000000000e+00
-1.000000000000000000e+00,0.000000000000000000e+00,5.732610365750817616e-01,-1.815848582388690291e+00,-2.519999999999990248e+00,-1.000000000000000000e+00
-1.000000000000000000e+00,0.000000000000000000e+00,5.650736905823080525e-01,-1.821590303872236083e+00,-2.529999999999990035e+00,-1.000000000000000000e+00
-1.000000000000000000e+00,0.000000000000000000e+00,5.568293376955358864e-01,-1.827249866176723136e+00,-2.539999999999989821e+00,-1.000000000000000000e+00
-1.000000000000000000e+00,0.000000000000000000e+00,5.485288023431836857e-01,-1.832826703350637354e+00,-2.549999999999989608e+00,-1.000000000000000000e+00
-1.000000000000000000e+00,0.000000000000000000e+00,5.401729145718696667e-01,-1.838320257714908701e+00,-2.559999999999989395e+00,-1.000000000000000000e+00
-1.000000000000000000e+00,0.000000000000000000e+00,5.317625099634076813e-01,-1.843729979918678596e+00,-2.569999999999989182e+00,-1.000000000000000000e+00
-1.000000000000000000e+00,0.000000000000000000e+00,5.232984295512499440e-01,-1.849055328994234859e+00,-2.579999999999988969e+00,-1.000000000000000000e+00
-1.000000000000000000e+00,0.000000000000000000e+00,5.147815197363843076e-01,-1.854295772411107768e+00,-2.589999999999988756e+00,-1.000000000000000000e+00
-1.000000000000000000e+00,0.000000000000000000e+00,5.062126322026948566e-01,-1.859450786129322575e+00,-2.599999999999988542e+00,-1.000000000000000000e+00
-1.000000000000000000e+00,0.000000000000000000e+00,4.975926238317942563e-01,-1.864519854651803143e+00,-2.609999999999988329e+00,-1.000000000000000000e+00
-1.000000000000000000e+00,0.000000000000000000e+00,4.889223566173362956e-01,-1.869502471075921601e+00,-2.619999999999988116e+00,-1.000000000000000000e+00
-1.000000000000000000e+00,0.000000000000000000e+00,4.802026975788171725e-01,-1.874398137144187793e+00,-2.629999999999987903e+00,-1.000000000000000000e+00
-1.000000000000000000e+00,0.000000000000000000e+00,4.714345186748744032e-01,-1.879206363294074311e+00,-2.639999999999987690e+00,-1.000000000000000000e+00
-1.000000000000000000e+00,0.000000000000000000e+00,4.626186967160916264e-01,-1.883926668706973340e+00,-2.649999999999987477e+00,-1.000000000000000000e+00
-1.000000000000000000e+00,0.000000000000000000e+00,4.537561132773181849e-01,-1.888558581356276855e+00,-2.659999999999987264e+00,-1.000000000000000000e+00
-1.000000000000000000e+00,0.000000000000000000e+00,4.448476546095124773e-01,-1.893101638054579983e+00,-2.669999999999987050e+00,-1.000000000000000000e+00
-1.000000000000000000e+00,0.000000000000000000e+00,4.358942115511176274e-01,-1.897555384499998832e+00,-2.679999999999986837e+00,-1.000000000000000000e+00
-1.000000000000000000e+00,0.000000000000000000e+00,4.268966794389782993e-01,-1.901919375321600159e+00,-2.689999999999986624e+00,-1.000000000000000000e+00
-1.000000000000000000e+00,0.000000000000000000e+00,4.178559580188077605e-01,-1.906193174123938627e+00,-2.699999999999986411e+00,-1.000000000000000000e+00
-1.000000000000000000e+00,0.000000000000000000e+00,4.087729513552141314e-01,-1.910376353530695237e+00,-2.709999999999986198e+00,-1.000000000000000000e+00
-1.000000000000000000e+00,0.000000000000000000e+00,3.996485677412945914e-01,-1.914468495227415579e+00,-2.719999999999985985e+00,-1.000000000000000000e+00
-1.000000000000000000e+00,0.000000000000000000e+00,3.904837196078069783e-01,-1.918469190003339930e+00,-2.729999999999985771e+00,-1.000000000000000000e+00
-1.000000000000000000e+00,0.000000000000000000e+00,3.812793234319272195e-01,-1.922378037792324523e+00,-2.739999999999985558e+00,-1.000000000000000000e+00
-1.000000000000000000e+00,0.000000000000000000e+00,3.720362996456026417e-01,-1.926194647712847985e+00,-2.749999999999985345e+00,-1.000000000000000000e+00
-1.000000000000000000e+00,0.000000000000000000e+00,3.627555725435093747e-01,-1.929918638107098738e+00,-2.759999999999985132e+00,-1.000000000000000000e+00
-1.000000000000000000e+00,0.000000000000000000e+00,3.534380701906237321e-01,-1.933549636579140474e+00,-2.769999999999984919e+00,-1.000000000000000000e+00
-1.000000000000000000e+00,0.000000000000000000e+00,3.440847243294163915e-01,-1.937087280032152137e+00,-2.779999999999984706e+00,-1.000000000000000000e+00
-1.000000000000000000e+00,0.000000000000000000e+00,3.346964702866790931e-01,-1.940531214704736218e+00,-2.789999999999984492e+00,-1.000000000000000000e+00
-1.000000000000000000e+00,0.000000000000000000e+00,3.252742468799925679e-01,-1.943881096206295345e+00,-2.799999999999984279e+00,-1.000000000000000000e+00
-1.000000000000000000e+00,0.000000000000000000e+00,3.158189963238456355e-01,-1.947136589551471175e+00,-2.809999999999984066e+00,-1.000000000000000000e+00
-1.000000000000000000e+00,0.000000000000000000e+00,3.063316641354146275e-01,-1.950297369193641828e+00,-2.819999999999983853e+00,-1.000000000000000000e+00
-1.000000000000000000e+00,0.000000000000000000e+00,2.968131990400122433e-01,-1.953363119057477171e+00,-2.829999999999983640e+00,-1.000000000000000000e+00
-1.000000000000000000e+00,0.000000000000000000e+00,2.872645528762160505e-01,-1.956333532570545541e+00,-2.839999999999983427e+00,-1.000000000000000000e+00
-1.000000000000000000e+00,0.000000000000000000e+00,2.776866805006851791e-01,-1.959208312693971221e+00,-2.849999999999983213e+00,-1.000000000000000000e+00
-1.000000000000000000e+00,0.000000000000000000e+00,2.680805396926757012e-01,-1.961987171952137343e+00,-2.859999999999983000e+00,-1.000000000000000000e+00
-1.000000000000000000e+00,0.000000000000000000e+00,2.584470910582633008e-01,-1.964669832461433785e+00,-2.869999999999982787e+00,-1.000000000000000000e+00
-1.000000000000000000e+00,0.000000000000000000e+00,2.487872979342835855e-01,-1.967256025958045162e+00,-2.879999999999982574e+00,-1.000000000000000000e+00
-1.000000000000000000e+00,0.000000000000000000e+00,2.391021262919991730e-01,-1.969745493824776927e+00,-2.889999999999982361e+00,-1.000000000000000000e+00
-1.000000000000000000e+00,0.000000000000000000e+00,2.293925446405033208e-01,-1.972137987116916902e+00,-2.899999999999982148e+00,-1.000000000000000000e+00
-1.000000000000000000e+00,0.000000000000000000e+00,2.196595239298698710e-01,-1.974433266587129809e+00,-2.909999999999981934e+00,-1.000000000000000000e+00
-1.000000000000000000e+00,0.000000000000000000e+00,2.099040374540590836e-01,-1.976631102709381249e+00,-2.919999999999981721e+00,-1.000000000000000000e+00
-1.000000000000000000e+00,0.000000000000000000e+00,2.001270607535889923e-01,-1.978731275701890446e+00,-2.929999999999981508e+00,-1.000000000000000000e+00
-1.000000000000000000e+00,0.000000000000000000e+00,1.903295715179821879e-01,-1.980733575549108227e+00,-2.939999999999981295e+00,-1.000000000000000000e+00
-1.000000000000000000e+00,0.000000000000000000e+00,1.805125494879976922e-01,-1.982637802022718665e+00,-2.949999999999981082e+00,-1.000000000000000000e+00
-1.000000000000000000e+00,0.000000000000000000e+00,1.706769763576576615e-01,-1.984443764701661284e+00,-2.959999999999980869e+00,-1.000000000000000000e+00
-1.000000000000000000e+00,0.000000000000000000e+00,1.608238356760788579e-01,-1.986151282991172939e+00,-2.969999999999980655e+00,-1.000000000000000000e+00
-1.000000000000000000e+00,0.000000000000000000e+00,1.509541127491185186e-01,-1.987760186140847596e+00,-2.979999999999980442e+00,-1.000000000000000000e+00
-1.000000000000000000e+00,0.000000000000000000e+00,1.410687945408445887e-01,-1.989270313261711332e+00,-2.989999999999980229e+00,-1.000000000000000000e+00
-1.000000000000000000e+00,0.000000000000000000e+00,1.311688695748401690e-01,-1.990681513342310138e+00,-2.999999999999980016e+00,-1.000000000000000000e+00
-1.000000000000000000e+00,0.000000000000000000e+00,1.212553278353519365e-01,-1.991993645263812285e+00,-3.009999999999979803e+00,-1.000000000000000000e+00
-1.000000000000000000e+00,0.000000000000000000e+00,1.113291606682925844e-01,-1.993206577814118807e+00,-3.019999999999979590e+00,-1.000000000000000000e+00
-1.000000000000000000e+00,0.000000000000000000e+00,1.013913606821070512e-01,-1.994320189700985457e+00,-3.029999999999979376e+00,-1.000000000000000000e+00
-1.000000000000000000e+00,0.000000000000000000e+00,9.144292164851247628e-02,-1.995334369564151666e+00,-3.039999999999979163e+00,-1.000000000000000000e+00
-1.000000000000000000e+00,0.000000000000000000e+00,8.148483840312188697e-02,-1.996249015986476305e+00,-3.049999999999978950e+00,-1.000000000000000000e+00
-1.000000000000000000e+00,0.000000000000000000e+00,7.151810674596144335e-02,-1.997064037504079126e+00,-3.059999999999978737e+00,-1.000000000000000000e+00
-1.000000000000000000e+00,0.000000000000000000e+00,6.154372334189127380e-02,-1.997779352615487669e+00,-3.069999999999978524e+00,-1.000000000000000000e+00
-1.000000000000000000e+00,0.000000000000000000e+00,5.156268562093983127e-02,-1.998394889789786966e+00,-3.079999999999978311e+00,-1.000000000000000000e+00
-1.000000000000000000e+00,0.000000000000000000e+00,4.157599167856170647e-02,-1.998910587473772482e+00,-3.089999999999978098e+00,-1.000000000000000000e+00
-1.000000000000000000e+00,0.000000000000000000e+00,3.158464017582891803e-02,-1.999326394098105641e+00,-3.099999999999977884e+00,-1.000000000000000000e+00
-1.000000000000000000e+00,0.000000000000000000e+00,2.158963023956564364e-02,-1.999642268082470364e+00,-3.109999999999977671e+00,-1.000000000000000000e+00
-1.000000000000000000e+00,0.000000000000000000e+00,1.159196136243636523e-02,-1.999858177839731521e+00,-3.119999999999977458e+00,-1.000000000000000000e+00
-1.000000000000000000e+00,0.000000000000000000e+00,1.592633302997428779e-03,-1.999974101779093294e+00,-3.129999999999977245e+00,-1.000000000000000000e+00
-1.000000000000000000e+00,0.000000000000000000e+00,-8.407354014277966525e-03,-1.999990028308258339e+00,-3.139999999999977032e+00,-1.000000000000000000e+00
-1.000000000000000000e+00,0.000000000000000000e+00,-1.840700059899139096e-02,-1.999905955834587079e+00,-3.149999999999976819e+00,-1.000000000000000000e+00
-1.000000000000000000e+00,0.000000000000000000e+00,-2.840530649481737974e-02,-1.999721892765256692e+00,-3.159999999999976605e+00,-1.000000000000000000e+00
-1.000000000000000000e+00,0.000000000000000000e+00,-3.840127187949824578e-02,-1.999437857506420890e+00,-3.169999999999976392e+00,-1.000000000000000000e+00
-1.000000000000000000e+00,0.000000000000000000e+00,-4.839389716482546400e-02,-1.999053878461368727e+00,-3.179999999999976179e+00,-1.000000000000000000e+00
-1.000000000000000000e+00,0.000000000000000000e+00,-5.838218309659766458e-02,-1.998569994027684871e+00,-3.189999999999975966e+00,-1.000000000000000000e+00
-1.000000000000000000e+00,0.000000000000000000e+00,-6.836513085454520855e-02,-1.997986252593409340e+00,-3.199999999999975753e+00,-1.000000000000000000e+00
-1.000000000000000000e+00,0.000000000000000000e+00,-7.834174215221140214e-02,-1.997302712532199154e+00,-3.209999999999975540e+00,-1.000000000000000000e+00
-1.000000000000000000e+00,0.000000000000000000e+00,-8.831101933678028870e-02,-1.996519442197490779e+00,-3.219999999999975326e+00,-1.000000000000000000e+00
-1.000000000000000000e+00,0.000000000000000000e+00,-9.827196548884112315e-02,-1.995636519915664930e+00,-3.229999999999975113e+00,-1.000000000000000000e+00
-1.000000000000000000e+00,0.000000000000000000e+00,-1.082235845220794468e-01,-1.994654033978214169e+00,-3.239999999999974900e+00,-1.000000000000000000e+00
-1.000000000000000000e+00,0.000000000000000000e+00,-1.181648812828849371e-01,-1.993572082632913300e+00,-3.249999999999974687e+00,-1.000000000000000000e+00
-1.000000000000000000e+00,0.000000000000000000e+00,-1.280948616498658876e-01,-1.992390774073995452e+00,-3.259999999999974474e+00,-1.000000000000000000e+00
-1.000000000000000000e+00,0.000000000000000000e+00,-1.380125326332605762e-01,-1.991110226431331842e+00,-3.269999999999974261e+00,-1.000000000000000000e+00
-1.000000000000000000e+00,0.000000000000000000e+00,-1.479169024742353344e-01,-1.989730567758619895e+00,-3.279999999999974047e+00,-1.000000000000000000e+00
-1.000000000000000000e+00,0.000000000000000000e+00,-1.578069807440596883e-01,-1.988251936020577038e+00,-3.289999999999973834e+00,-1.000000000000000000e+00
-1.000000000000000000e+00,0.000000000000000000e+00,-1.676817784431483827e-01,-1.986674479079144851e+00,-3.299999999999973621e+00,-1.000000000000000000e+00
-1.000000000000000000e+00,0.000000000000000000e+00,-1.775403080999604644e-01,-1.984998354678702892e+00,-3.309999999999973408e+00,-1.000000000000000000e+00
-1.000000000000000000e+00,0.000000000000000000e+00,-1.873815838697456548e-01,-1.983223730430294651e+00,-3.319999999999973195e+00,-1.000000000000000000e+00
-1.000000000000000000e+00,0.000000000000000000e+00,-1.972046216331280188e-01,-1.981350783794865844e+00,-3.329999999999972982e+00,-1.000000000000000000e+00
-1.000000000000000000e+00,0.000000000000000000e+00,-2.070084390945170494e-01,-1.979379702065519497e+00,-3.339999999999972768e+00,-1.000000000000000000e+00
-1.000000000000000000e+00,0.000000000000000000e+00,-2.167920558803364539e-01,-1.977310682348785820e+00,-3.349999999999972555e+00,-1.000000000000000000e+00
-1.000000000000000000e+00,0.000000000000000000e+00,-2.265544936370606222e-01,-1.975143931544912190e+00,-3.359999999999972342e+00,-1.000000000000000000e+00
-1.000000000000000000e+00,0.000000000000000000e+00,-2.362947761290491999e-01,-1.972879666327173709e+00,-3.369999999999972129e+00,-1.000000000000000000e+00
-1.000000000000000000e+00,0.000000000000000000e+00,-2.460119293361698878e-01,-1.970518113120204973e+00,-3.379999999999971916e+00,-1.000000000000000000e+00
-1.000000000000000000e+00,0.000000000000000000e+00,-2.557049815511995838e-01,-1.968059508077358855e+00,-3.389999999999971703e+00,-1.000000000000000000e+00
-1.000000000000000000e+00,0.000000000000000000e+00,-2.653729634769942392e-01,-1.965504097057090727e+00,-3.399999999999971489e+00,-1.000000000000000000e+00
-1.000000000000000000e+00,0.000000000000000000e+00,-2.750149083234179614e-01,-1.962852135598373238e+00,-3.409999999999971276e+00,-1.000000000000000000e+00
-1.000000000000000000e+00,0.000000000000000000e+00,-2.846298519040210140e-01,-1.960103888895142310e+00,-3.419999999999971063e+00,-1.000000000000000000e+00
-1.000000000000000000e+00,0.000000000000000000e+00,-2.942168327324578003e-01,-1.957259631769777908e+00,-3.429999999999970850e+00,-1.000000000000000000e+00
-1.000000000000000000e+00,0.000000000000000000e+00,-3.037748921186345652e-01,-1.954319648645622465e+00,-3.439999999999970637e+00,-1.000000000000000000e+00
-1.000000000000000000e+00,0.000000000000000000e+00,-3.133030742645777078e-01,-1.951284233518538525e+00,-3.449999999999970424e+00,-1.000000000000000000e+00
-1.000000000000000000e+00,0.000000000000000000e+00,-3.228004263600127710e-01,-1.948153689927509147e+00,-3.459999999999970210e+00,-1.000000000000000000e+00
-1.000000000000000000e+00,0.000000000000000000e+00,-3.322659986776446139e-01,-1.944928330924284632e+00,-3.469999999999969997e+00,-1.000000000000000000e+00
-1.000000000000000000e+00,0.000000000000000000e+00,-3.416988446681294977e-01,-1.941608479042077562e+00,-3.479999999999969784e+00,-1.000000000000000000e+00
-1.000000000000000000e+00,0.000000000000000000e+00,-3.510980210547289815e-01,-1.938194466263309712e+00,-3.489999999999969571e+00,-1.000000000000000000e+00
-1.000000000000000000e+00,0.000000000000000000e+00,-3.604625879276370792e-01,-1.934686633986413717e+00,-3.499999999999969358e+00,-1.000000000000000000e+00
-1.000000000000000000e+00,0.000000000000000000e+00,-3.697916088379702426e-01,-1.931085332991694381e+00,-3.509999999999969145e+00,-1.000000000000000000e+00
-1.000000000000000000e+00,0.000000000000000000e+00,-3.790841508914115643e-01,-1.927390923406249845e+00,-3.519999999999968932e+00,-1.000000000000000000e+00
-1.000000000000000000e+00,0.000000000000000000e+00,-3.883392848414995435e-01,-1.923603774667960176e+00,-3.529999999999968718e+00,-1.000000000000000000e+00
-1.000000000000000000e+00,0.000000000000000000e+00,-3.975560851825516995e-01,-1.919724265488543136e+00,-3.539999999999968505e+00,-1.000000000000000000e+00
-1.000000000000000000e+00,0.000000000000000000e+00,-4.067336302422145944e-01,-1.915752783815683813e+00,-3.549999999999968292e+00,-1.000000000000000000e+00
-1.000000000000000000e+00,0.000000000000000000e+00,-4.158710022736301637e-01,-1.911689726794239874e+00,-3.559999999999968079e+00,-1.000000000000000000e+00
-1.000000000000000000e+00,0.000000000000000000e+00,-4.249672875472097489e-01,-1.907535500726527777e+00,-3.569999999999967866e+00,-1.000000000000000000e+00
-1.000000000000000000e+00,0.000000000000000000e+00,-4.340215764420061739e-01,-1.903290521031692162e+00,-3.579999999999967653e+00,-1.000000000000000000e+00
-1.000000000000000000e+00,0.000000000000000000e+00,-4.430329635366752061e-01,-1.898955212204165299e+00,-3.589999999999967439e+00,-1.000000000000000000e+00
-1.000000000000000000e+00,0.000000000000000000e+00,-4.520005477000167970e-01,-1.894530007771217051e+00,-3.599999999999967226e+00,-1.000000000000000000e+00
-1.000000000000000000e+00,0.000000000000000000e+00,-4.609234321810876112e-01,-1.890015350249603099e+00,-3.609999999999967013e+00,-1.000000000000000000e+00
-1.000000000000000000e+00,0.000000000000000000e+00,-4.698007246988752383e-01,-1.885411691101313458e+00,-3.619999999999966800e+00,-1.000000000000000000e+00
-1.000000000000000000e+00,0.000000000000000000e+00,-4.786315375315256526e-01,-1.880719490688426587e+00,-3.629999999999966587e+00,-1.000000000000000000e+00
-1.000000000000000000e+00,0.000000000000000000e+00,-4.874149876051145358e-01,-1.875939218227073546e+00,-3.639999999999966374e+00,-1.000000000000000000e+00
-1.000000000000000000e+00,0.000000000000000000e+00,-4.961501965819540838e-01,-1.871071351740516864e+00,-3.649999999999966160e+00,-1.000000000000000000e+00
-1.000000000000000000e+00,0.000000000000000000e+00,-5.048362909484258587e-01,-1.866116378011348775e+00,-3.659999999999965947e+00,-1.000000000000000000e+00
-1.000000000000000000e+00,0.000000000000000000e+00,-5.134724021023316931e-01,-1.861074792532813049e+00,-3.669999999999965734e+00,-1.000000000000000000e+00
-1.000000000000000000e+00,0.000000000000000000e+00,-5.220576664397529321e-01,-1.855947099459256178e+00,-3.679999999999965521e+00,-1.000000000000000000e+00
-1.000000000000000000e+00,0.000000000000000000e+00,-5.305912254414101303e-01,-1.850733811555712371e+00,-3.689999999999965308e+00,-1.000000000000000000e+00
-1.000000000000000000e+00,0.000000000000000000e+00,-5.390722257585144339e-01,-1.845435450146627687e+00,-3.699999999999965095e+00,-1.000000000000000000e+00
-1.000000000000000000e+00,0.000000000000000000e+00,-5.474998192981015421e-01,-1.840052545063727729e+00,-3.709999999999964881e+00,-1.000000000000000000e+00
-1.000000000000000000e+00,0.000000000000000000e+00,-5.558731633078405343e-01,-1.834585634593035142e+00,-3.719999999999964668e+00,-1.000000000000000000e+00
-1.000000000000000000e+00,0.000000000000000000e+00,-5.641914204603082350e-01,-1.829035265421041112e+00,-3.729999999999964455e+00,-1.000000000000000000e+00
-1.000000000000000000e+00,0.000000000000000000e+00,-5.724537589367211243e-01,-1.823401992580037767e+00,-3.739999999999964242e+00,-1.000000000000000000e+00
-1.000000000000000000e+00,0.000000000000000000e+00,-5.806593525101169107e-01,-1.817686379392614571e+00,-3.749999999999964029e+00,-1.000000000000000000e+00
-1.000000000000000000e+00,0.000000000000000000e+00,-5.888073806279762179e-01,-1.811888997415327385e+00,-3.759999999999963816e+00,-1.000000000000000000e+00
-1.000000000000000000e+00,0.000000000000000000e+00,-5.968970284942772819e-01,-1.806010426381542855e+00,-3.769999999999963602e+00,-1.000000000000000000e+00
-1.000000000000000000e+00,0.000000000000000000e+00,-6.049274871509747742e-01,-1.800051254143465451e+00,-3.779999999999963389e+00,-1.000000000000000000e+00
-1.000000000000000000e+00,0.000000000000000000e+00,-6.128979535588950922e-01,-1.794012076613353157e+00,-3.789999999999963176e+00,-1.000000000000000000e+00
-1.000000000000000000e+00,0.000000000000000000e+00,-6.208076306780394571e-01,-1.787893497703926249e+00,-3.799999999999962963e+00,-1.000000000000000000e+00
-1.000000000000000000e+00,0.000000000000000000e+00,-6.286557275472873796e-01,-1.781696129267976936e+00,-3.809999999999962750e+00,-1.000000000000000000e+00
-1.000000000000000000e+00,0.000000000000000000e+00,-6.364414593634919459e-01,-1.775420591037184304e+00,-3.819999999999962537e+00,-1.000000000000000000e+00
-1.000000000000000000e+00,0.000000000000000000e+00,-6.441640475599595961e-01,-1.769067510560141887e+00,-3.829999999999962323e+00,-1.000000000000000000e+00
-1.000000000000000000e+00,0.000000000000000000e+00,-6.518227198843061787e-01,-1.762637523139602980e+00,-3.839999999999962110e+00,-1.000000000000000000e+00
-1.000000000000000000e+00,0.000000000000000000e+00,-6.594167104756815112e-01,-1.756131271768951674e+00,-3.849999999999961897e+00,-1.000000000000000000e+00
-1.000000000000000000e+00,0.000000000000000000e+00,-6.669452599413546734e-01,-1.749549407067902962e+00,-3.859999999999961684e+00,-1.000000000000000000e+00
-1.000000000000000000e+00,0.000000000000000000e+00,-6.744076154326529293e-01,-1.742892587217442113e+00,-3.869999999999961471e+00,-1.000000000000000000e+00
-1.000000000000000000e+00,0.000000000000000000e+00,-6.818030307202457285e-01,-1.736161477894006877e+00,-3.879999999999961258e+00,-1.000000000000000000e+00
-1.000000000000000000e+00,0.000000000000000000e+00,-6.891307662687672364e-01,-1.729356752202920289e+00,-3.889999999999961044e+00,-1.000000000000000000e+00
-1.000000000000000000e+00,0.000000000000000000e+00,-6.963900893107689560e-01,-1.722479090611080732e+00,-3.899999999999960831e+00,-1.000000000000000000e+00
-1.000000000000000000e+00,0.000000000000000000e+00,-7.035802739199960021e-01,-1.715529180878916371e+00,-3.909999999999960618e+00,-1.000000000000000000e+00
-1.000000000000000000e+00,0.000000000000000000e+00,-7.107006010839793664e-01,-1.708507717991608610e+00,-3.919999999999960405e+00,-1.000000000000000000e+00
-1.000000000000000000e+00,0.000000000000000000e+00,-7.177503587759361814e-01,-1.701415404089595018e+00,-3.929999999999960192e+00,-1.000000000000000000e+00
-1.000000000000000000e+00,0.000000000000000000e+00,-7.247288420259720976e-01,-1.694252948398355496e+00,-3.939999999999959979e+00,-1.000000000000000000e+00
-1.000000000000000000e+00,0.000000000000000000e+00,-7.316353529915774478e-01,-1.687021067157490561e+00,-3.949999999999959766e+00,-1.000000000000000000e+00
-1.000000000000000000e+00,0.000000000000000000e+00,-7.384692010274110929e-01,-1.679720483549097754e+00,-3.959999999999959552e+00,-1.000000000000000000e+00
-1.000000000000000000e+00,0.000000000000000000e+00,-7.452297027543642871e-01,-1.672351927625454149e+00,-3.969999999999959339e+00,-1.000000000000000000e+00
-1.000000000000000000e+00,0.000000000000000000e+00,-7.519161821278981250e-01,-1.664916136236011646e+00,-3.979999999999959126e+00,-1.000000000000000000e+00
-1.000000000000000000e+00,0.000000000000000000e+00,-7.585279705056472421e-01,-1.657413852953712796e+00,-3.989999999999958913e+00,-1.000000000000000000e+00
-1.000000000000000000e+00,0.000000000000000000e+00,-7.650644067142836624e-01,-1.649845828000633841e+00,-3.999999999999958700e+00,-1.000000000000000000e+00
-1.000000000000000000e+00,0.000000000000000000e+00,-7.715248371156335772e-01,-1.642212818172963384e+00,-4.009999999999958931e+00,-1.000000000000000000e+00
-1.000000000000000000e+00,0.000000000000000000e+00,-7.779086156720405043e-01,-1.634515586765323381e+00,-4.019999999999958717e+00,-1.000000000000000000e+00
-1.000000000000000000e+00,0.000000000000000000e+00,-7.842151040109686111e-01,-1.626754903494440407e+00,-4.029999999999958504e+00,-1.000000000000000000e+00
-1.000000000000000000e+00,0.000000000000000000e+00,-7.904436714888393167e-01,-1.618931544422174129e+00,-4.039999999999958291e+00,-1.000000000000000000e+00
-1.000000000000000000e+00,0.000000000000000000e+00,-7.965936952540954019e-01,-1.611046291877912484e+00,-4.049999999999958078e+00,-1.000000000000000000e+00
-1.000000000000000000e+00,0.000000000000000000e+00,-8.026645603094852977e-01,-1.603099934380338709e+00,-4.059999999999957865e+00,-1.000000000000000000e+00
-1.000000000000000000e+00,0.000000000000000000e+00,-8.086556595735624464e-01,-1.595093266558580858e+00,-4.069999999999957652e+00,-1.000000000000000000e+00
-1.000000000000000000e+00,0.000000000000000000e+00,-8.145663939413930743e-01,-1.587027089072748698e+00,-4.079999999999957438e+00,-1.000000000000000000e+00
-1.000000000000000000e+00,0.000000000000000000e+00,-8.203961723444660459e-01,-1.578902208533869089e+00,-4.089999999999957225e+00,-1.000000000000000000e+00
-1.000000000000000000e+00,0.000000000000000000e+00,-8.261444118097991396e-01,-1.570719437423225173e+00,-4.099999999999957012e+00,-1.000000000000000000e+00
-1.000000000000000000e+00,0.000000000000000000e+00,-8.318105375182359706e-01,-1.562479594011109141e+00,-4.109999999999956799e+00,-1.000000000000000000e+00
-1.000000000000000000e+00,0.000000000000000000e+00,-8.373939828619274550e-01,-1.554183502274995687e+00,-4.119999999999956586e+00,-1.000000000000000000e+00
-1.000000000000000000e+00,0.000000000000000000e+00,-8.428941895009920415e-01,-1.545831991817145035e+00,-4.129999999999956373e+00,-1.000000000000000000e+00
-1.000000000000000000e+00,0.000000000000000000e+00,-8.483106074193493829e-01,-1.537425897781643291e+00,-4.139999999999956160e+00,-1.000000000000000000e+00
-1.000000000000000000e+00,0.000000000000000000e+00,-8.536426949797213393e-01,-1.528966060770889035e+00,-4.149999999999955946e+00,-1.000000000000000000e+00
-1.000000000000000000e+00,0.000000000000000000e+00,-8.588899189777952081e-01,-1.520453326761533441e+00,-4.159999999999955733e+00,-1.000000000000000000e+00
-1.000000000000000000e+00,0.000000000000000000e+00,-8.640517546955438499e-01,-1.511888547019883733e+00,-4.169999999999955520e+00,-1.000000000000000000e+00
-1.000000000000000000e+00,0.000000000000000000e+00,-8.691276859536970489e-01,-1.503272578016776606e+00,-4.179999999999955307e+00,-1.000000000000000000e+00
-1.000000000000000000e+00,0.000000000000000000e+00,-8.741172051633588902e-01,-1.494606281341932297e+00,-4.189999999999955094e+00,-1.000000000000000000e+00
-1.000000000000000000e+00,0.000000000000000000e+00,-8.790198133767662680e-01,-1.485890523617796610e+00,-4.199999999999954881e+00,-1.000000000000000000e+00
-1.000000000000000000e+00,0.000000000000000000e+00,-8.838350203371834191e-01,-1.477126176412878911e+00,-4.209999999999954667e+00,-1.000000000000000000e+00
-1.000000000000000000e+00,0.000000000000000000e+00,-8.885623445279269284e-01,-1.468314116154595839e+00,-4.219999999999954454e+00,-1.000000000000000000e+00
-1.000000000000000000e+00,0.000000000000000000e+00,-8.932013132205171013e-01,-1.459455224041630084e+00,-4.229999999999954241e+00,-1.000000000000000000e+00
-1.000000000000000000e+00,0.000000000000000000e+00,-8.977514625219505939e-01,-1.450550385955810428e+00,-4.239999999999954028e+00,-1.000000000000000000e+00
-1.000000000000000000e+00,0.000000000000000000e+00,-9.022123374210889724e-01,-1.441600492373524833e+00,-4.249999999999953815e+00,-1.000000000000000000e+00
-1.000000000000000000e+00,0.000000000000000000e+00,-9.065834918341596493e-01,-1.432606438276673222e+00,-4.259999999999953602e+00,-1.000000000000000000e+00
-1.000000000000000000e+00,0.000000000000000000e+00,-9.108644886493639792e-01,-1.423569123063170405e+00,-4.269999999999953388e+00,-1.000000000000000000e+00
-1.000000000000000000e+00,0.000000000000000000e+00,-9.150548997705879595e-01,-1.414489450457006470e+00,-4.279999999999953175e+00,-1.000000000000000000e+00
-1.000000000000000000e+00,0.000000000000000000e+00,-9.191543061602114317e-01,-1.405368328417875956e+00,-4.289999999999952962e+00,-1.000000000000000000e+00
-1.000000000000000000e+00,0.000000000000000000e+00,-9.231622978810116731e-01,-1.396206669050381599e+00,-4.299999999999952749e+00,-1.000000000000000000e+00
-1.000000000000000000e+00,0.000000000000000000e+00,-9.270784741371564941e-01,-1.387005388512825510e+00,-4.309999999999952536e+00,-1.000000000000000000e+00
-1.000000000000000000e+00,0.000000000000000000e+00,-9.309024433142837340e-01,-1.377765406925593794e+00,-4.319999999999952323e+00,-1.000000000000000000e+00
-1.000000000000000000e+00,0.000000000000000000e+00,-9.346338230186623797e-01,-1.368487648279145263e+00,-4.329999999999952109e+00,-1.000000000000000000e+00
-1.000000000000000000e+00,0.000000000000000000e+00,-9.382722401154314218e-01,-1.359173040341612904e+00,-4.339999999999951896e+00,-1.000000000000000000e+00
-1.000000000000000000e+00,0.000000000000000000e+00,-9.418173307659132298e-01,-1.349822514566028531e+00,-4.349999999999951683e+00,-1.000000000000000000e+00
-1.000000000000000000e+00,0.000000000000000000e+00,-9.452687404639968927e-01,-1.340437005997177522e+00,-4.359999999999951470e+00,-1.000000000000000000e+00
-1.000000000000000000e+00,0.000000000000000000e+00,-9.486261240715888610e-01,-1.331017453178095611e+00,-4.369999999999951257e+00,-1.000000000000000000e+00
-1.000000000000000000e+00,0.000000000000000000e+00,-9.518891458531261174e-01,-1.321564798056215073e+00,-4.379999999999951044e+00,-1.000000000000000000e+00
-1.000000000000000000e+00,0.000000000000000000e+00,-9.550574795091497649e-01,-1.312079985889170963e+00,-4.389999999999950830e+00,-1.000000000000000000e+00
-1.000000000000000000e+00,0.000000000000000000e+00,-9.581308082089344813e-01,-1.302563965150276060e+00,-4.399999999999950617e+00,-1.000000000000000000e+00
-1.000000000000000000e+00,0.000000000000000000e+00,-9.611088246221712872e-01,-1.293017687433674068e+00,-4.409999999999950404e+00,-1.000000000000000000e+00
-1.000000000000000000e+00,0.000000000000000000e+00,-9.639912309497006282e-01,-1.283442107359181517e+00,-4.419999999999950191e+00,-1.000000000000000000e+00
-1.000000000000000000e+00,0.000000000000000000e+00,-9.667777389532916654e-01,-1.273838182476826120e+00,-4.429999999999949978e+00,-1.000000000000000000e+00
-1.000000000000000000e+00,0.000000000000000000e+00,-9.694680699844661076e-01,-1.264206873171093148e+00,-4.439999999999949765e+00,-1.000000000000000000e+00
-1.000000000000000000e+00,0.000000000000000000e+00,-9.720619550123628105e-01,-1.254549142564886921e+00,-4.449999999999949551e+00,-1.000000000000000000e+00
-1.000000000000000000e+00,0.000000000000000000e+00,-9.745591346506405905e-01,-1.244865956423220066e+00,-4.459999999999949338e+00,-1.000000000000000000e+00
-1.000000000000000000e+00,0.000000000000000000e+00,-9.769593591834165869e-01,-1.235158283056637218e+00,-4.469999999999949125e+00,-1.000000000000000000e+00
-1.000000000000000000e+00,0.000000000000000000e+00,-9.792623885902376202e-01,-1.225427093224385588e+00,-4.479999999999948912e+00,-1.000000000000000000e+00
-1.000000000000000000e+00,0.000000000000000000e+00,-9.814679925700823260e-01,-1.215673360037339057e+00,-4.489999999999948699e+00,-1.000000000000000000e+00
-1.000000000000000000e+00,0.000000000000000000e+00,-9.835759505643906220e-01,-1.205898058860688238e+00,-4.499999999999948486e+00,-1.000000000000000000e+00
-1.000000000000000000e+00,0.000000000000000000e+00,-9.855860517791197317e-01,-1.196102167216404721e+00,-4.509999999999948272e+00,-1.000000000000000000e+00
-1.000000000000000000e+00,0.000000000000000000e+00,-9.874980952058232120e-01,-1.186286664685489711e+00,-4.519999999999948059e+00,-1.000000000000000000e+00
-1.000000000000000000e+00,0.000000000000000000e+00,-9.893118896417518737e-01,-1.176452532810016605e+00,-4.529999999999947846e+00,-1.000000000000000000e+00
-1.000000000000000000e+00,0.000000000000000000e+00,-9.910272537089734879e-01,-1.166600754994978173e+00,-4.539999999999947633e+00,-1.000000000000000000e+00
-1.000000000000000000e+00,0.000000000000000000e+00,-9.926440158725108320e-01,-1.156732316409945893e+00,-4.549999999999947420e+00,-1.000000000000000000e+00
-1.000000000000000000e+00,0.000000000000000000e+00,-9.941620144574948581e-01,-1.146848203890554752e+00,-4.559999999999947207e+00,-1.000000000000000000e+00
-1.000000000000000000e+00,0.000000000000000000e+00,-9.955810976653320932e-01,-1.136949405839819738e+00,-4.569999999999946994e+00,-1.000000000000000000e+00
-1.000000000000000000e+00,0.000000000000000000e+00,-9.969011235888842748e-01,-1.127036912129297130e+00,-4.579999999999946780e+00,-1.000000000000000000e+00
-1.000000000000000000e+00,0.000000000000000000e+00,-9.981219602266591107e-01,-1.117111714000097455e+00,-4.589999999999946567e+00,-1.000000000000000000e+00
-1.000000000000000000e+00,0.000000000000000000e+00,-9.992434854960101642e-01,-1.107174803963762777e+00,-4.599999999999946354e+00,-1.000000000000000000e+00
-1.000000000000000000e+00,0.000000000000000000e+00,-1.000265587245345200e+00,-1.097227175703016089e+00,-4.609999999999946141e+00,-1.000000000000000000e+00
-1.000000000000000000e+00,0.000000000000000000e+00,-1.001188163265340769e+00,-1.087269823972393690e+00,-4.619999999999945928e+00,-1.000000000000000000e+00
-1.000000000000000000e+00,0.000000000000000000e+00,-1.002011121299164031e+00,-1.077303744498770977e+00,-4.629999999999945715e+00,-1.000000000000000000e+00
-1.000000000000000000e+00,0.000000000000000000e+00,-1.002734379051697156e+00,-1.067329933881790094e+00,-4.639999999999945501e+00,-1.000000000000000000e+00
-1.000000000000000000e+00,0.000000000000000000e+00,-1.003357864197767624e+00,-1.057349389494201430e+00,-4.649999999999945288e+00,-1.000000000000000000e+00
-1.000000000000000000e+00,0.000000000000000000e+00,-1.003881514389380447e+00,-1.047363109382126511e+00,-4.659999999999945075e+00,-1.000000000000000000e+00
-1.000000000000000000e+00,0.000000000000000000e+00,-1.004305277261952734e+00,-1.037372092165254722e+00,-4.669999999999944862e+00,-1.000000000000000000e+00
-1.000000000000000000e+00,0.000000000000000000e+00,-1.004629110439550610e+00,-1.027377336936981855e+00,-4.679999999999944649e+00,-1.000000000000000000e+00
-1.000000000000000000e+00,0.000000000000000000e+00,-1.004852981539125834e+00,-1.017379843164502029e+00,-4.689999999999944436e+00,-1.000000000000000000e+00
-1.000000000000000000e+00,0.000000000000000000e+00,-1.004976868173755200e+00,-1.007380610588860970e+00,-4.699999999999944222e+00,-1.000000000000000000e+00
-1.000000000000000000e+00,0.000000000000000000e+00,-1.005000757954878532e+00,-9.973806391249837588e-01,-4.709999999999944009e+00,-1.000000000000000000e+00
-1.000000000000000000e+00,0.000000000000000000e+00,-1.004924648493537687e+00,-9.873809287616834851e-01,-4.719999999999943796e+00,-1.000000000000000000e+00
-1.000000000000000000e+00,0.000000000000000000e+00,-1.004848539032196841e+00,-9.773812183983832114e-01,-4.719999999999943796e+00,0.000000000000000000e+00
-1.000000000000000000e+00,0.000000000000000000e+00,-1.004772429570855996e+00,-9.673815080350829376e-01,-4.719999999999943796e+00,0.000000000000000000e+00
-1.000000000000000000e+00,0.000000000000000000e+00,-1.004696320109515151e+00,-9.573817976717826639e-01,-4.719999999999943796e+00,0.000000000000000000e+00
-1.000000000000000000e+00,0.000000000000000000e+00,-1.004620210648174305e+00,-9.473820873084823901e-01,-4.719999999999943796e+00,0.000000000000000000e+00
-1.000000000000000000e+00,0.000000000000000000e+00,-1.004544101186833460e+00,-9.373823769451821164e-01,-4.719999999999943796e+00,0.000000000000000000e+00
-1.000000000000000000e+00,0.000000000000000000e+00,-1.004467991725492615e+00,-9.273826665818818427e-01,-4.719999999999943796e+00,0.000000000000000000e+00
-1.000000000000000000e+00,0.000000000000000000e+00,-1.004391882264151770e+00,-9.173829562185815689e-01,-4.719999999999943796e+00,0.000000000000000000e+00
-1.000000000000000000e+00,0.000000000000000000e+00,-1.004315772802810924e+00,-9.073832458552812952e-01,-4.719999999999943796e+00,0.000000000000000000e+00
-1.000000000000000000e+00,0.000000000000000000e+00,-1.004239663341470079e+00,-8.973835354919810214e-01,-4.719999999999943796e+00,0.000000000000000000e+00
-1.000000000000000000e+00,0.000000000000000000e+00,-1.004163553880129234e+00,-8.873838251286807477e-01,-4.719999999999943796e+00,0.000000000000000000e+00
-1.000000000000000000e+00,0.000000000000000000e+00,-1.004087444418788388e+00,-8.773841147653804740e-01,-4.719999999999943796e+00,0.000000000000000000e+00
-1.000000000000000000e+00,0.000000000000000000e+00,-1.004011334957447543e+00,-8.673844044020802002e-01,-4.719999999999943796e+00,0.000000000000000000e+00
-1.000000000000000000e+00,0.000000000000000000e+00,-1.003935225496106698e+00,-8.573846940387799265e-01,-4.719999999999943796e+00,0.000000000000000000e+00
-1.000000000000000000e+00,0.000000000000000000e+00,-1.003859116034765853e+00,-8.473849836754796527e-01,-4.719999999999943796e+00,0.000000000000000000e+00
-1.000000000000000000e+00,0.000000000000000000e+00,-1.003783006573425007e+00,-8.373852733121793790e-01,-4.719999999999943796e+00,0.000000000000000000e+00
-1.000000000000000000e+00,0.000000000000000000e+00,-1.003706897112084162e+00,-8.273855629488791052e-01,-4.719999999999943796e+00,0.000000000000000000e+00
-1.000000000000000000e+00,0.000000000000000000e+00,-1.003630787650743317e+00,-8.173858525855788315e-01,-4.719999999999943796e+00,0.000000000000000000e+00
-1.000000000000000000e+00,0.000000000000000000e+00,-1.003554678189402471e+00,-8.073861422222785578e-01,-4.719999999999943796e+00,0.000000000000000000e+00
-1.000000000000000000e+00,0.000000000000000000e+00,-1.003478568728061626e+00,-7.973864318589782840e-01,-4.719999999999943796e+00,0.000000000000000000e+00
-1.000000000000000000e+00,0.000000000000000000e+00,-1.003402459266720781e+00,-7.873867214956780103e-01,-4.719999999999943796e+00,0.000000000000000000e+00
-1.000000000000000000e+00,0.000000000000000000e+00,-1.003326349805379936e+00,-7.773870111323777365e-01,-4.719999999999943796e+00,0.000000000000000000e+00
-1.000000000000000000e+00,0.000000000000000000e+00,-1.003250240344039090e+00,-7.673873007690774628e-01,-4.719999999999943796e+00,0.000000000000000000e+00
-1.000000000000000000e+00,0.000000000000000000e+00,-1.003174130882698245e+00,-7.573875904057771891e-01,-4.719999999999943796e+00,0.000000000000000000e+00
-1.000000000000000000e+00,0.000000000000000000e+00,-1.003098021421357400e+00,-7.473878800424769153e-01,-4.719999999999943796e+00,0.000000000000000000e+00
-1.000000000000000000e+00,0.000000000000000000e+00,-1.003021911960016554e+00,-7.373881696791766416e-01,-4.719999999999943796e+00,0.000000000000000000e+00
-1.000000000000000000e+00,0.000000000000000000e+00,-1.002945802498675709e+00,-7.273884593158763678e-01,-4.719999999999943796e+00,0.000000000000000000e+00
-1.000000000000000000e+00,0.000000000000000000e+00,-1.002869693037334864e+00,-7.173887489525760941e-01,-4.719999999999943796e+00,0.000000000000000000e+00
-1.000000000000000000e+00,0.000000000000000000e+00,-1.002793583575994019e+00,-7.073890385892758204e-01,-4.719999999999943796e+00,0.000000000000000000e+00
-1.000000000000000000e+00,0.000000000000000000e+00,-1.002717474114653173e+00,-6.973893282259755466e-01,-4.719999999999943796e+00,0.000000000000000000e+00
-1.000000000000000000e+00,0.000000000000000000e+00,-1.002641364653312328e+00,-6.873896178626752729e-01,-4.719999999999943796e+00,0.000000000000000000e+00
-1.000000000000000000e+00,0.000000000000000000e+00,-1.002565255191971483e+00,-6.773899074993749991e-01,-4.719999999999943796e+00,0.000000000000000000e+00
-1.000000000000000000e+00,0.000000000000000000e+00,-1.002489145730630637e+00,-6.673901971360747254e-01,-4.719999999999943796e+00,0.000000000000000000e+00
-1.000000000000000000e+00,0.000000000000000000e+00,-1.002413036269289792e+00,-6.573904867727744517e-01,-4.719999999999943796e+00,0.000000000000000000e+00
-1.000000000000000000e+00,0.000000000000000000e+00,-1.002336926807948947e+00,-6.473907764094741779e-01,-4.719999999999943796e+00,0.000000000000000000e+00
-1.000000000000000000e+00,0.000000000000000000e+00,-1.002260817346608102e+00,-6.373910660461739042e-01,-4.719999999999943796e+00,0.000000000000000000e+00
-1.000000000000000000e+00,0.000000000000000000e+00,-1.002184707885267256e+00,-6.273913556828736304e-01,-4.719999999999943796e+00,0.000000000000000000e+00
-1.000000000000000000e+00,0.000000000000000000e+00,-1.002108598423926411e+00,-6.173916453195733567e-01,-4.719999999999943796e+00,0.000000000000000000e+00
-1.000000000000000000e+00,0.000000000000000000e+00,-1.002032488962585566e+00,-6.073919349562730829e-01,-4.719999999999943796e+00,0.000000000000000000e+00
-1.000000000000000000e+00,0.000000000000000000e+00,-1.001956379501244720e+00,-5.973922245929728092e-01,-4.719999999999943796e+00,0.000000000000000000e+00
-1.000000000000000000e+00,0.000000000000000000e+00,-1.001880270039903875e+00,-5.873925142296725355e-01,-4.719999999999943796e+00,0.000000000000000000e+00
-1.000000000000000000e+00,0.000000000000000000e+00,-1.001804160578563030e+00,-5.773928038663722617e-01,-4.719999999999943796e+00,0.000000000000000000e+00
-1.000000000000000000e+00,0.000000000000000000e+00,-1.001728051117222185e+00,-5.673930935030719880e-01,-4.719999999999943796e+00,0.000000000000000000e+00
-1.000000000000000000e+00,0.000000000000000000e+00,-1.001651941655881339e+00,-5.573933831397717142e-01,-4.719999999999943796e+00,0.000000000000000000e+00
-1.000000000000000000e+00,0.000000000000000000e+00,-1.001575832194540494e+00,-5.473936727764714405e-01,-4.719999999999943796e+00,0.000000000000000000e+00
-1.000000000000000000e+00,0.000000000000000000e+00,-1.001499722733199649e+00,-5.373939624131711668e-01,-4.719999999999943796e+00,0.000000000000000000e+00
-1.000000000000000000e+00,0.000000000000000000e+00,-1.001423613271858803e+00,-5.273942520498708930e-01,-4.719999999999943796e+00,0.000000000000000000e+00
-1.000000000000000000e+00,0.000000000000000000e+00,-1.001347503810517958e+00,-5.173945416865706193e-01,-4.719999999999943796e+00,0.000000000000000000e+00
-1.000000000000000000e+00,0.000000000000000000e+00,-1.001371393591641290e+00,-5.073945702226934085e-01,-4.709999999999944009e+00,1.000000000000000000e+00
-1.000000000000000000e+00,0.000000000000000000e+00,-1.001295284130300445e+00,-4.973948598593931347e-01,-4.719999999999943796e+00,-1.000000000000000000e+00
-1.000000000000000000e+00,0.000000000000000000e+00,-1.001319173911423777e+00,-4.873948883955159794e-01,-4.709999999999944009e+00,1.000000000000000000e+00
-1.000000000000000000e+00,0.000000000000000000e+00,-1.001243064450082931e+00,-4.773951780322157057e-01,-4.719999999999943796e+00,-1.000000000000000000e+00
-1.000000000000000000e+00,0.000000000000000000e+00,-1.001266954231206263e+00,-4.673952065683385504e-01,-4.709999999999944009e+00,1.000000000000000000e+00
-1.000000000000000000e+00,0.000000000000000000e+00,-1.001190844769865418e+00,-4.573954962050382766e-01,-4.719999999999943796e+00,-1.000000000000000000e+00
-1.000000000000000000e+00,0.000000000000000000e+00,-1.001214734550988750e+00,-4.473955247411611214e-01,-4.709999999999944009e+00,1.000000000000000000e+00
-1.000000000000000000e+00,0.000000000000000000e+00,-1.001138625089647904e+00,-4.373958143778608476e-01,-4.719999999999943796e+00,-1.000000000000000000e+00
-1.000000000000000000e+00,0.000000000000000000e+00,-1.001162514870771236e+00,-4.273958429139836923e-01,-4.709999999999944009e+00,1.000000000000000000e+00
-1.000000000000000000e+00,0.000000000000000000e+00,-1.001086405409430391e+00,-4.173961325506834186e-01,-4.719999999999943796e+00,-1.000000000000000000e+00
-1.000000000000000000e+00,0.000000000000000000e+00,-1.001110295190553723e+00,-4.073961610868062633e-01,-4.709999999999944009e+00,1.000000000000000000e+00
-1.000000000000000000e+00,0.000000000000000000e+00,-1.001034185729212878e+00,-3.973964507235059895e-01,-4.719999999999943796e+00,-1.000000000000000000e+00
-1.000000000000000000e+00,0.000000000000000000e+00,-1.001058075510336209e+00,-3.873964792596288342e-01,-4.709999999999944009e+00,1.000000000000000000e+00
-1.000000000000000000e+00,0.000000000000000000e+00,-1.000981966048995364e+00,-3.773967688963285605e-01,-4.719999999999943796e+00,-1.000000000000000000e+00
-1.000000000000000000e+00,0.000000000000000000e+00,-1.001005855830118696e+00,-3.673967974324514052e-01,-4.709999999999944009e+00,1.000000000000000000e+00
-1.000000000000000000e+00,0.000000000000000000e+00,-1.000929746368777851e+00,-3.573970870691511315e-01,-4.719999999999943796e+00,-1.000000000000000000e+00
-1.000000000000000000e+00,0.000000000000000000e+00,-1.000953636149901183e+00,-3.473971156052739762e-01,-4.709999999999944009e+00,1.000000000000000000e+00
-1.000000000000000000e+00,0.000000000000000000e+00,-1.000877526688560337e+00,-3.373974052419737024e-01,-4.719999999999943796e+00,-1.000000000000000000e+00
-1.000000000000000000e+00,0.000000000000000000e+00,-1.000901416469683669e+00,-3.273974337780965471e-01,-4.709999999999944009e+00,1.000000000000000000e+00
-1.000000000000000000e+00,0.000000000000000000e+00,-1.000825307008342824e+00,-3.173977234147962734e-01,-4.719999999999943796e+00,-1.000000000000000000e+00
-1.000000000000000000e+00,0.000000000000000000e+00,-1.000849196789466156e+00,-3.073977519509191181e-01,-4.709999999999944009e+00,1.000000000000000000e+00
-1.000000000000000000e+00,0.000000000000000000e+00,-1.000773087328125310e+00,-2.973980415876188443e-01,-4.719999999999943796e+00,-1.000000000000000000e+00
-1.000000000000000000e+00,0.000000000000000000e+00,-1.000796977109248642e+00,-2.873980701237416890e-01,-4.709999999999944009e+00,1.000000000000000000e+00
-1.000000000000000000e+00,0.000000000000000000e+00,-1.000720867647907797e+00,-2.773983597604414153e-01,-4.719999999999943796e+00,-1.000000000000000000e+00
-1.000000000000000000e+00,0.000000000000000000e+00,-1.000744757429031129e+00,-2.673983882965642600e-01,-4.709999999999944009e+00,1.000000000000000000e+00
-1.000000000000000000e+00,0.000000000000000000e+00,-1.000668647967690283e+00,-2.573986779332639863e-01,-4.719999999999943796e+00,-1.000000000000000000e+00
-1.000000000000000000e+00,0.000000000000000000e+00,-1.000692537748813615e+00,-2.473987064693868032e-01,-4.709999999999944009e+00,1.000000000000000000e+00
-1.000000000000000000e+00,0.000000000000000000e+00,-1.000616428287472770e+00,-2.373989961060865572e-01,-4.719999999999943796e+00,-1.000000000000000000e+00
-1.000000000000000000e+00,0.000000000000000000e+00,-1.000640318068596102e+00,-2.273990246422093742e-01,-4.709999999999944009e+00,1.000000000000000000e+00
-1.000000000000000000e+00,0.000000000000000000e+00,-1.000564208607255257e+00,-2.173993142789091282e-01,-4.719999999999943796e+00,-1.000000000000000000e+00
-1.000000000000000000e+00,0.000000000000000000e+00,-1.000588098388378588e+00,-2.073993428150319451e-01,-4.709999999999944009e+00,1.000000000000000000e+00
-1.000000000000000000e+00,0.000000000000000000e+00,-1.000511988927037743e+00,-1.973996324517316991e-01,-4.719999999999943796e+00,-1.000000000000000000e+00
-1.000000000000000000e+00,0.000000000000000000e+00,-1.000535878708161075e+00,-1.873996609878545161e-01,-4.709999999999944009e+00,1.000000000000000000e+00
-1.000000000000000000e+00,0.000000000000000000e+00,-1.000459769246820230e+00,-1.773999506245542701e-01,-4.719999999999943796e+00,-1.000000000000000000e+00
-1.000000000000000000e+00,0.000000000000000000e+00,-1.000483659027943562e+00,-1.673999791606770871e-01,-4.709999999999944009e+00,1.000000000000000000e+00
-1.000000000000000000e+00,0.000000000000000000e+00,-1.000407549566602716e+00,-1.574002687973768411e-01,-4.719999999999943796e+00,-1.000000000000000000e+00
-1.000000000000000000e+00,0.000000000000000000e+00,-1.000431439347726048e+00,-1.474002973334996580e-01,-4.709999999999944009e+00,1.000000000000000000e+00
-1.000000000000000000e+00,0.000000000000000000e+00,-1.000355329886385203e+00,-1.374005869701994120e-01,-4.719999999999943796e+00,-1.000000000000000000e+00
-1.000000000000000000e+00,0.000000000000000000e+00,-1.000379219667508535e+00,-1.274006155063222290e-01,-4.709999999999944009e+00,1.000000000000000000e+00
-1.000000000000000000e+00,0.000000000000000000e+00,-1.000303110206167689e+00,-1.174009051430219830e-01,-4.719999999999943796e+00,-1.000000000000000000e+00
-1.000000000000000000e+00,0.000000000000000000e+00,-1.000326999987291021e+00,-1.074009336791447999e-01,-4.709999999999944009e+00,1.000000000000000000e+00
-1.000000000000000000e+00,0.000000000000000000e+00,-1.000250890525950176e+00,-9.740122331584455395e-02,-4.719999999999943796e+00,-1.000000000000000000e+00
