1.754634331,-1.102968734,0,0,0,1
1.754634331,-1.102968734,0.030048074,1.71E-11,0.031415917,1
1.754634331,-1.102968734,0.060080618,0.000986798,0.062831834,1
1.754634331,-1.102968734,0.090066619,0.002959419,0.094247751,1
1.754634331,-1.102968734,0.119975106,0.005915917,0.125663667,1
1.754634331,-1.102968734,0.149775188,0.009853374,0.157079584,1
1.754634331,-1.102968734,0.179436084,0.014767904,0.188495501,1
1.754634331,-1.102968734,0.208927147,0.020654658,0.219911418,1
1.754634331,-1.102968734,0.238217903,0.027507826,0.251327335,1
1.754634331,-1.102968734,0.267278078,0.035320645,0.282743252,1
1.754634331,-1.102968734,0.296077623,0.044085403,0.314159168,1
1.754634331,-1.102968734,0.324586753,0.053793453,0.345575085,1
1.754634331,-1.102968734,0.352775969,0.064435212,0.376991002,1
1.754634331,-1.102968734,0.380616089,0.076000179,0.408406919,1
1.754634331,-1.102968734,0.408078278,0.08847694,0.439822836,1
1.754634331,-1.102968734,0.435134075,0.101853183,0.471238753,1
1.754634331,-1.102968734,0.461755421,0.116115706,0.502654669,1
1.754634331,-1.102968734,0.487914688,0.131250435,0.534070586,0.309336939
1.754634331,-1.102968734,0.513584702,0.147242433,0.54378869,-1
1.754634331,-1.102968734,0.539097754,0.16349646,0.512372773,-1
1.754634331,-1.102968734,0.565106421,0.178898009,0.480956856,-1
1.754634331,-1.102968734,0.591582337,0.193431882,0.449540939,-1
1.754634331,-1.102968734,0.618496703,0.207083735,0.418125022,-1
1.754634331,-1.102968734,0.645820311,0.219840096,0.386709106,-1
1.754634331,-1.102968734,0.673523563,0.231688376,0.355293189,-1
1.754634331,-1.102968734,0.701576493,0.242616882,0.323877272,-1
1.754634331,-1.102968734,0.729948787,0.252614829,0.292461355,-1
1.754634331,-1.102968734,0.758609807,0.26167235,0.261045438,-1
1.754634331,-1.102968734,0.787528611,0.269780506,0.229629521,-1
1.754634331,-1.102968734,0.816673979,0.276931296,0.198213605,-1
1.754634331,-1.102968734,0.846014433,0.283117663,0.166797688,-1
1.754634331,-1.102968734,0.875518259,0.288333501,0.135381771,-1
1.754634331,-1.102968734,0.905153534,0.292573663,0.103965854,-1
1.754634331,-1.102968734,0.934888141,0.295833965,0.072549937,-1
1.754634331,-1.102968734,0.96468979,0.298111189,0.04113402,-1
1.754634331,-1.102968734,0.994526047,0.299403087,0.009718103,-1
1.754634331,-1.102968734,1.024364342,0.299708386,-0.021697813,-1
1.754634331,-1.102968734,1.054172725,0.299026783,-0.05311373,-1
1.754634331,-1.102968734,1.083919253,0.297358951,-0.084529647,-1
1.754634331,-1.102968734,1.113572012,0.294706536,-0.115945564,-1
1.754634331,-1.102968734,1.143099136,0.291072155,-0.147361481,-1
1.754634331,-1.102968734,1.172468842,0.286459396,-0.178777398,-1
1.754634331,-1.102968734,1.201649452,0.280872811,-0.210193315,-1
1.754634331,-1.102968734,1.230609423,0.274317913,-0.241609231,-1
1.754634331,-1.102968734,1.259317377,0.26680117,-0.273025148,-1
1.754634331,-1.102968734,1.287742121,0.258330001,-0.304441065,-1
1.754634331,-1.102968734,1.315852678,0.248912766,-0.335856982,-1
1.754634331,-1.102968734,1.343618318,0.238558759,-0.367272899,-1
1.754634331,-1.102968734,1.371008586,0.227278198,-0.398688816,-1
1.754634331,-1.102968734,1.397993335,0.215082215,-0.430104733,-1
1.754634331,-1.102968734,1.424542754,0.201982846,-0.461520649,-1
1.754634331,-1.102968734,1.450627394,0.187993018,-0.492936566,-1
1.754634331,-1.102968734,1.476218197,0.173126539,-0.524352483,-1
1.754634331,-1.102968734,1.501286537,0.157398079,-0.5557684,-1
1.754634331,-1.102968734,1.525804247,0.140823161,-0.587184317,-1
1.754634331,-1.102968734,1.549743659,0.123418141,-0.618600234,-1
1.754634331,-1.102968734,1.573077642,0.105200197,-0.650016151,-1
1.754634331,-1.102968734,1.595779642,0.086187308,-0.681432068,-1
1.754634331,-1.102968734,1.617823691,0.066398236,-0.712847984,-1
1.754634331,-1.102968734,1.639184453,0.045852512,-0.744263901,-1
1.754634331,-1.102968734,1.65983725,0.024570411,-0.775679818,-1
1.754634331,-1.102968734,1.679758091,0.002572936,-0.807095735,-1
1.754634331,-1.102968734,1.698923724,-0.020118204,-0.838511652,-1
1.754634331,-1.102968734,1.717311676,-0.043480615,-0.869927569,-1
1.754634331,-1.102968734,1.734900289,-0.067491241,-0.901343486,-1
1.754634331,-1.102968734,1.751668744,-0.092126388,-0.932759403,-1
1.754634331,-1.102968734,1.767597082,-0.117361743,-0.964175319,-1
1.754634331,-1.102968734,1.782666219,-0.143172402,-0.995591236,-1
1.754634331,-1.102968734,1.796857957,-0.169532893,-1.027007153,-1
1.754634331,-1.102968734,1.81015499,-0.196417201,-1.05842307,-1
1.754634331,-1.102968734,1.822540902,-0.223798795,-1.089838987,-1
1.754634331,-1.102968734,1.834000156,-0.251650652,-1.121254904,-1
1.754634331,-1.102968734,1.844518079,-0.279945286,-1.152670821,-1
1.754634331,-1.102968734,1.854080823,-0.308654774,-1.184086738,-1
1.754634331,-1.102968734,1.862675307,-0.337750783,-1.215502654,-1
1.754634331,-1.102968734,1.870289131,-0.367204599,-1.246918571,-1
1.754634331,-1.102968734,1.876910422,-0.396987154,-1.278334488,-1
1.754634331,-1.102968734,1.882527599,-0.427069057,-1.309750405,-1
1.754634331,-1.102968734,1.88712895,-0.45742062,-1.341166322,-1
1.754634331,-1.102968734,1.890701859,-0.48801189,-1.372582239,-1
1.754634331,-1.102968734,1.893231181,-0.518812677,-1.403998155,-1
1.754634331,-1.102968734,1.894695271,-0.549792585,-1.435414072,-1
1.754634331,-1.102968734,1.895052996,-0.58092104,-1.466829989,-1
1.754634331,-1.102968734,1.893964814,-0.612167322,-1.498245906,-1
1.754634331,-1.102968734,1.892500932,-0.643500595,-1.529661823,-1
1.754634331,-1.102968734,1.890204342,-0.674889936,-1.56107774,-1
1.754634331,-1.102968734,1.886930404,-0.706304369,-1.592493657,-1
1.754634331,-1.102968734,1.882669465,-0.737712891,-1.623909573,-1
1.754634331,-1.102968734,1.877419481,-0.769084506,-1.65532549,-1
1.754634331,-1.102968734,1.871181755,-0.800388253,-1.686741407,-1
1.754634331,-1.102968734,1.863959592,-0.83159324,-1.718157324,-1
1.754634331,-1.102968734,1.855757712,-0.862668671,-1.749573241,-1
1.754634331,-1.102968734,1.84658192,-0.893583878,-1.780989158,-1
1.754634331,-1.102968734,1.836438836,-0.924308352,-1.812405074,-1
1.754634331,-1.102968734,1.825335583,-0.954811772,-1.843820991,-1
1.754634331,-1.102968734,1.813279242,-0.985064034,-1.875236908,-1
1.754634331,-1.102968734,1.80027557,-1.015035283,-1.906652825,-1
1.754634331,-1.102968734,1.786324803,-1.044695941,-1.938068742,-1
1.754634331,-1.102968734,1.771398523,-1.074016737,-1.969484659,0.000404395
1.754634331,-1.102968734,1.754634331,-1.102968734,-1.969471954,0
1.236957902,0.112938098,0,0,0,-1
1.236957902,0.112938098,0.017414383,-1.44E-12,-0.031415917,-1
1.236957902,0.112938098,0.034814266,-0.000986797,-0.062831834,-1
1.236957902,0.112938098,0.052169636,-0.002959419,-0.094247751,-1
1.236957902,0.112938098,0.069450518,-0.005915917,-0.125663667,-1
1.236957902,0.112938098,0.086627002,-0.009853374,-0.157079584,-1
1.236957902,0.112938098,0.10366929,-0.014767904,-0.188495501,-1
1.236957902,0.112938098,0.120547717,-0.020654658,-0.219911418,-1
1.236957902,0.112938098,0.137232793,-0.027507826,-0.251327335,-1
1.236957902,0.112938098,0.153695223,-0.035320645,-0.282743252,-1
1.236957902,0.112938098,0.169905945,-0.044085403,-0.314159168,-1
1.236957902,0.112938098,0.185836154,-0.053793452,-0.345575085,-1
1.236957902,0.112938098,0.201457336,-0.064435211,-0.376991002,-1
1.236957902,0.112938098,0.21674129,-0.076000178,-0.408406919,-1
1.236957902,0.112938098,0.231660162,-0.08847694,-0.439822836,-1
1.236957902,0.112938098,0.246186472,-0.101853182,-0.471238753,-1
1.236957902,0.112938098,0.260293139,-0.116115706,-0.50265467,-1
1.236957902,0.112938098,0.273953516,-0.131250435,-0.534070586,-1
1.236957902,0.112938098,0.287141419,-0.147242433,-0.565486503,-1
1.236957902,0.112938098,0.29983116,-0.164075918,-0.59690242,-1
1.236957902,0.112938098,0.311997595,-0.181734278,-0.628318337,-1
1.236957902,0.112938098,0.323616173,-0.200200086,-0.659734254,-1
1.236957902,0.112938098,0.334663009,-0.219455117,-0.691150171,-1
1.236957902,0.112938098,0.345114983,-0.239480371,-0.722566087,-1
1.236957902,0.112938098,0.354949884,-0.260256084,-0.753982004,-1
1.236957902,0.112938098,0.364146613,-0.281761754,-0.785397921,-1
1.236957902,0.112938098,0.372685494,-0.303976156,-0.816813838,-1
1.236957902,0.112938098,0.380548712,-0.326877368,-0.848229755,0.30597562
1.236957902,0.112938098,0.387720949,-0.350442789,-0.83861725,1
1.236957902,0.112938098,0.395166276,-0.373807418,-0.807201333,1
1.236957902,0.112938098,0.403376056,-0.396500852,-0.775785417,1
1.236957902,0.112938098,0.412325079,-0.418500695,-0.7443695,1
1.236957902,0.112938098,0.421989189,-0.439785236,-0.712953583,1
1.236957902,0.112938098,0.43234462,-0.46033347,-0.681537666,1
1.236957902,0.112938098,0.443367597,-0.480125118,-0.650121749,1
1.236957902,0.112938098,0.455034084,-0.499140649,-0.618705832,1
1.236957902,0.112938098,0.467319635,-0.517361295,-0.587289916,1
1.236957902,0.112938098,0.480199313,-0.534769077,-0.555873999,1
1.236957902,0.112938098,0.493647644,-0.551346813,-0.524458082,1
1.236957902,0.112938098,0.507638606,-0.567078145,-0.493042165,1
1.236957902,0.112938098,0.52214563,-0.581947547,-0.461626248,1
1.236957902,0.112938098,0.537141613,-0.595940344,-0.430210331,1
1.236957902,0.112938098,0.552598945,-0.609042728,-0.398794414,1
1.236957902,0.112938098,0.56848953,-0.621241769,-0.367378498,1
1.236957902,0.112938098,0.58478482,-0.632525427,-0.335962581,1
1.236957902,0.112938098,0.601455844,-0.642882566,-0.304546664,1
1.236957902,0.112938098,0.618473243,-0.652302966,-0.273130747,1
1.236957902,0.112938098,0.6358073,-0.660777329,-0.24171483,1
1.236957902,0.112938098,0.65342798,-0.668297293,-0.210298913,1
1.236957902,0.112938098,0.671304956,-0.674855436,-0.178882997,1
1.236957902,0.112938098,0.689407647,-0.680445285,-0.14746708,1
1.236957902,0.112938098,0.707705251,-0.685061326,-0.116051163,1
1.236957902,0.112938098,0.726166773,-0.688699001,-0.084635246,1
1.236957902,0.112938098,0.744761064,-0.691354722,-0.053219329,1
1.236957902,0.112938098,0.763456851,-0.693025867,-0.021803412,1
1.236957902,0.112938098,0.78222277,-0.693710787,0.009612505,1
1.236957902,0.112938098,0.801027397,-0.693408806,0.041028421,1
1.236957902,0.112938098,0.819839284,-0.692120222,0.072444338,1
1.236957902,0.112938098,0.838626991,-0.689846307,0.103860255,1
1.236957902,0.112938098,0.857359119,-0.686589305,0.135276172,1
1.236957902,0.112938098,0.876004342,-0.68235243,0.166692089,1
1.236957902,0.112938098,0.894531445,-0.677139863,0.198108006,1
1.236957902,0.112938098,0.912909354,-0.670956749,0.229523922,1
1.236957902,0.112938098,0.93110717,-0.663809189,0.260939839,1
1.236957902,0.112938098,0.94909421,-0.655704238,0.292355756,1
1.236957902,0.112938098,0.96684004,-0.646649894,0.323771673,1
1.236957902,0.112938098,0.984314516,-0.636655092,0.35518759,1
1.236957902,0.112938098,1.001487825,-0.625729697,0.386603507,1
1.236957902,0.112938098,1.018330499,-0.613884489,0.418019424,1
1.236957902,0.112938098,1.034813093,-0.60113116,0.44943534,1
1.236957902,0.112938098,1.050906601,-0.587482295,0.480851257,1
1.236957902,0.112938098,1.066582426,-0.572951363,0.512267174,1
1.236957902,0.112938098,1.081812373,-0.557552705,0.543683091,1
1.236957902,0.112938098,1.096568634,-0.541301518,0.575099008,1
1.236957902,0.112938098,1.110823829,-0.52421384,0.606514925,1
1.236957902,0.112938098,1.124551071,-0.506306533,0.637930842,1
1.236957902,0.112938098,1.137724005,-0.487597271,0.669346758,1
1.236957902,0.112938098,1.15031685,-0.468104517,0.700762675,1
1.236957902,0.112938098,1.162304427,-0.447847508,0.732178592,1
1.236957902,0.112938098,1.173662187,-0.426846235,0.763594509,1
1.236957902,0.112938098,1.184366235,-0.405121425,0.795010426,1
1.236957902,0.112938098,1.194393352,-0.382694516,0.826426343,1
1.236957902,0.112938098,1.203721014,-0.359587642,0.857842259,1
1.236957902,0.112938098,1.212327412,-0.335823605,0.889258176,1
1.236957902,0.112938098,1.220191466,-0.311425859,0.920674093,1
1.236957902,0.112938098,1.22729284,-0.286418481,0.95209001,1
1.236957902,0.112938098,1.233611952,-0.26082615,0.983505927,1
1.236957902,0.112938098,1.239129981,-0.234674123,1.014921844,1
1.236957902,0.112938098,1.243828872,-0.207988209,1.046337761,1
1.236957902,0.112938098,1.247691327,-0.180794743,1.077753677,1
1.236957902,0.112938098,1.250700792,-0.153120561,1.109169594,1
1.236957902,0.112938098,1.252841434,-0.124992976,1.140585511,1
1.236957902,0.112938098,1.254098091,-0.096439746,1.172001428,1
1.236957902,0.112938098,1.254456207,-0.067489048,1.203417345,1
1.236957902,0.112938098,1.253901731,-0.038169455,1.234833262,1
1.236957902,0.112938098,1.252420965,-0.0085099,1.266249178,1
1.236957902,0.112938098,1.250000346,0.021460345,1.297665095,1
1.236957902,0.112938098,1.246626127,0.051711704,1.329081012,1
1.236957902,0.112938098,1.242283904,0.082214323,1.360496929,0.000125103
1.236957902,0.112938098,1.236957902,0.112938098,1.360500859,0
2.389295141,0.930488497,0,0,0,-0.923069493
2.389295141,0.930488497,0.031571288,2.33E-20,-0.029142491,-0.922968811
2.389295141,0.930488497,0.063129169,-0.000919936,-0.058281803,-0.919302929
2.389295141,0.930488497,0.094646852,-0.002758926,-0.087305378,-0.910737608
2.389295141,0.930488497,0.126097894,-0.005511768,-0.116058536,-0.900779982
2.389295141,0.930488497,0.157456795,-0.009167665,-0.14449732,-0.892935756
2.389295141,0.930488497,0.18869906,-0.013713773,-0.172688451,-0.88860971
2.389295141,0.930488497,0.219800768,-0.019138712,-0.200743004,-0.885867457
2.389295141,0.930488497,0.250738063,-0.025433947,-0.22871098,-0.878811093
2.389295141,0.930488497,0.281487218,-0.032591861,-0.256456178,-0.857980076
2.389295141,0.930488497,0.312025965,-0.040600051,-0.283543714,-0.812494703
2.389295141,0.930488497,0.342336614,-0.049432422,-0.309195218,-0.735868952
2.389295141,0.930488497,0.372410753,-0.059039316,-0.332427548,-0.635302281
2.389295141,0.930488497,0.402253605,-0.069342247,-0.35248486,-0.532428989
2.389295141,0.930488497,0.431883819,-0.080241632,-0.369294329,-0.44274215
2.389295141,0.930488497,0.461326643,-0.091637523,-0.383272269,-0.353237327
2.389295141,0.930488497,0.490607305,-0.103443837,-0.394424426,-0.23360881
2.389295141,0.930488497,0.519754483,-0.115575953,-0.401799757,-0.078406256
2.389295141,0.930488497,0.54881139,-0.127922706,-0.404275144,0.084200714
2.389295141,0.930488497,0.577837646,-0.140341349,-0.401616819,0.227358807
2.389295141,0.930488497,0.606896812,-0.152682787,-0.394438809,0.342356475
2.389295141,0.930488497,0.636043815,-0.164815322,-0.383630175,0.431676836
2.389295141,0.930488497,0.665320249,-0.176632115,-0.370001582,0.500844294
2.389295141,0.930488497,0.694755006,-0.188048826,-0.354189283,0.55498363
2.389295141,0.930488497,0.7243666,-0.198998698,-0.336667735,0.598037934
2.389295141,0.930488497,0.754165498,-0.209428075,-0.317786908,0.632863711
2.389295141,0.930488497,0.784155987,-0.219292999,-0.297806586,0.661498353
2.389295141,0.930488497,0.814337582,-0.228556774,-0.276922231,0.685399364
2.389295141,0.930488497,0.844706049,-0.237188252,-0.255283291,0.705620921
2.389295141,0.930488497,0.875254168,-0.245160618,-0.23300593,0.722936388
2.389295141,0.930488497,0.905972296,-0.252450531,-0.210181898,0.737921782
2.389295141,0.930488497,0.936848793,-0.259037495,-0.186884757,0.751012621
2.389295141,0.930488497,0.967870356,-0.264903403,-0.163174322,0.762542945
2.389295141,0.930488497,0.999022269,-0.270032195,-0.139099859,0.772772417
2.389295141,0.930488497,1.030288616,-0.274409609,-0.114702439,0.781905411
2.389295141,0.930488497,1.061652444,-0.278022977,-0.090016679,0.790104618
2.389295141,0.930488497,1.093095907,-0.280861083,-0.065072059,0.797500905
2.389295141,0.930488497,1.124600376,-0.282914042,-0.039893929,0.804200537
2.389295141,0.930488497,1.156146544,-0.284173211,-0.014504283,0.810290537
2.389295141,0.930488497,1.18771451,-0.284631113,0.011077633,0.815842721
2.389295141,0.930488497,1.219283861,-0.284281386,0.036834838,0.820916757
2.389295141,0.930488497,1.250833733,-0.283118725,0.062752237,0.825562517
2.389295141,0.930488497,1.282342879,-0.281138856,0.088816308,0.829821897
2.389295141,0.930488497,1.313789726,-0.278338496,0.115014854,0.833730247
2.389295141,0.930488497,1.345152425,-0.27471533,0.141336791,0.83731757
2.389295141,0.930488497,1.376408901,-0.270267987,0.167771985,0.840609375
2.389295141,0.930488497,1.407536904,-0.264996023,0.194311105,0.84362735
2.389295141,0.930488497,1.438514049,-0.258899902,0.220945507,0.846389927
2.389295141,0.930488497,1.46931786,-0.251980984,0.247667126,0.848912766
2.389295141,0.930488497,1.499925811,-0.244241506,0.274468395,0.85120912
2.389295141,0.930488497,1.530315367,-0.235684573,0.301342163,0.853290154
2.389295141,0.930488497,1.560464021,-0.226314147,0.328281632,0.855165185
2.389295141,0.930488497,1.590349331,-0.21613503,0.355280298,0.856841875
2.389295141,0.930488497,1.619948961,-0.205152858,0.382331899,0.858326397
2.389295141,0.930488497,1.649240712,-0.193374084,0.409430368,0.859623572
2.389295141,0.930488497,1.678202561,-0.18080597,0.436569791,0.86073697
2.389295141,0.930488497,1.706812696,-0.167456572,0.463744365,0.861668988
2.389295141,0.930488497,1.735049547,-0.153334731,0.490948365,0.862420904
2.389295141,0.930488497,1.762891828,-0.138450055,0.518176103,0.862992894
2.389295141,0.930488497,1.790318563,-0.122812907,0.5454219,0.86338406
2.389295141,0.930488497,1.817309125,-0.106434391,0.572680046,0.863592436
2.389295141,0.930488497,1.843843268,-0.089326339,0.599944771,0.863614963
2.389295141,0.930488497,1.86990116,-0.071501288,0.627210208,0.863447453
2.389295141,0.930488497,1.89546342,-0.052972471,0.654470355,0.863084533
2.389295141,0.930488497,1.920511147,-0.033753793,0.681719045,0.862519567
2.389295141,0.930488497,1.945025957,-0.013859816,0.708949898,0.861744561
2.389295141,0.930488497,1.968990015,0.006694262,0.736156284,0.86075004
2.389295141,0.930488497,1.992386071,0.027892629,0.763331271,0.859524897
2.389295141,0.930488497,2.015197495,0.049718878,0.790467578,0.858056213
2.389295141,0.930488497,2.037408309,0.072156033,0.817557518,0.856329038
2.389295141,0.930488497,2.059003227,0.095186571,0.844592928,0.854326123
2.389295141,0.930488497,2.079967689,0.11879245,0.871565104,0.852027602
2.389295141,0.930488497,2.100287902,0.142955132,0.898464712,0.849410591
2.389295141,0.930488497,2.119950874,0.167655612,0.925281698,0.846448708
2.389295141,0.930488497,2.138944464,0.192874449,0.952005174,0.84311146
2.389295141,0.930488497,2.157257417,0.218591796,0.978623288,0.839363475
2.389295141,0.930488497,2.174879417,0.244787432,1.005123073,0.835163541
2.389295141,0.930488497,2.191801132,0.271440795,1.031490262,0.830463322
2.389295141,0.930488497,2.208014272,0.298531019,1.057709058,0.825205556
2.389295141,0.930488497,2.223511649,0.326036974,1.08376186,0.819321877
2.389295141,0.930488497,2.23828724,0.353937298,1.109628906,0.812729752
2.389295141,0.930488497,2.252336269,0.382210447,1.135287831,0.80532826
2.389295141,0.930488497,2.265655295,0.410834733,1.160713081,0.796992151
2.389295141,0.930488497,2.278242316,0.439788371,1.18587515,0.787563571
2.389295141,0.930488497,2.290096895,0.469049525,1.210739545,0.77684044
2.389295141,0.930488497,2.301220324,0.498596361,1.235265398,0.764559606
2.389295141,0.930488497,2.311615819,0.528407096,1.25940353,0.750372345
2.389295141,0.930488497,2.32128878,0.558460049,1.283093751,0.733808263
2.389295141,0.930488497,2.330247132,0.588733703,1.306261022,0.714221564
2.389295141,0.930488497,2.338501785,0.619206755,1.328809917,0.690710653
2.389295141,0.930488497,2.346067265,0.649858178,1.350616541,0.661998954
2.389295141,0.930488497,2.352962594,0.680667278,1.371516701,0.626265923
2.389295141,0.930488497,2.359212549,0.711613752,1.391288722,0.580938313
2.389295141,0.930488497,2.364849448,0.742677744,1.409629693,0.52253917
2.389295141,0.930488497,2.369915688,0.773839891,1.426126927,0.446943569
2.389295141,0.930488497,2.374467172,0.805081373,1.440237511,0.350843594
2.389295141,0.930488497,2.378577382,0.836383967,1.451314095,0.235108263
2.389295141,0.930488497,2.382340621,0.867730166,1.458736766,0.107410959
2.389295141,0.930488497,2.385871086,0.899103436,1.462127868,-0.022827389
2.389295141,0.930488497,2.389295141,0.930488497,1.461407178,0
-0.006738408,-2.601493823,0,0,0,-0.430056071
-0.006738408,-2.601493823,0.047100659,7.80E-21,-0.020255924,-0.447235059
-0.006738408,-2.601493823,0.094191655,-0.000954002,-0.04132099,-0.464635456
-0.006738408,-2.601493823,0.141252109,-0.002899694,-0.063205626,-0.481615972
-0.006738408,-2.601493823,0.188258717,-0.005874739,-0.085890056,-0.49782936
-0.006738408,-2.601493823,0.235185749,-0.009915245,-0.109338147,-0.5129439
-0.006738408,-2.601493823,0.282005148,-0.015054889,-0.133498142,-0.526423949
-0.006738408,-2.601493823,0.328686722,-0.021324079,-0.158293057,-0.53745955
-0.006738408,-2.601493823,0.375198519,-0.02874869,-0.183607756,-0.544958546
-0.006738408,-2.601493823,0.421507481,-0.037348228,-0.209275662,-0.54741932
-0.006738408,-2.601493823,0.467580481,-0.047133456,-0.235059473,-0.542489335
-0.006738408,-2.601493823,0.513385895,-0.058103239,-0.260611078,-0.526365924
-0.006738408,-2.601493823,0.558896092,-0.070239714,-0.28540326,-0.494605016
-0.006738408,-2.601493823,0.604091444,-0.083500642,-0.308699482,-0.431539829
-0.006738408,-2.601493823,0.648965631,-0.097810757,-0.329025292,-0.413992007
-0.006738408,-2.601493823,0.693539704,-0.113029958,-0.348524588,-0.416345141
-0.006738408,-2.601493823,0.737808559,-0.129115373,-0.368134719,-0.424102489
-0.006738408,-2.601493823,0.781753484,-0.146065758,-0.388110226,-0.537446165
-0.006738408,-2.601493823,0.825351073,-0.163890525,-0.413424294,-0.465680061
-0.006738408,-2.601493823,0.868483525,-0.182813096,-0.435358132,-0.789188223
-0.006738408,-2.601493823,0.91119059,-0.2026771,-0.472529417,-0.792909839
-0.006738408,-2.601493823,0.953129954,-0.224114493,-0.509875993,-0.796208886
-0.006738408,-2.601493823,0.994239646,-0.247102865,-0.547377956,-0.799178421
-0.006738408,-2.601493823,1.034458526,-0.271616407,-0.585019786,-0.801842786
-0.006738408,-2.601493823,1.0737264,-0.297626138,-0.622787109,-0.804224438
-0.006738408,-2.601493823,1.111984188,-0.325100012,-0.66066661,-0.806344155
-0.006738408,-2.601493823,1.149174084,-0.354003017,-0.698645951,-0.808220892
-0.006738408,-2.601493823,1.185239707,-0.384297288,-0.736713688,-0.80987174
-0.006738408,-2.601493823,1.220126246,-0.415942216,-0.77485918,-0.811312452
-0.006738408,-2.601493823,1.253780588,-0.448894565,-0.813072531,-0.812557472
-0.006738408,-2.601493823,1.286151448,-0.48310859,-0.851344523,-0.813619927
-0.006738408,-2.601493823,1.317189484,-0.518536156,-0.889666558,-0.814511592
-0.006738408,-2.601493823,1.346847408,-0.55512686,-0.92803059,-0.815242847
-0.006738408,-2.601493823,1.375080086,-0.592828158,-0.966429066,-0.81582263
-0.006738408,-2.601493823,1.401844637,-0.631585492,-1.004854849,-0.816258234
-0.006738408,-2.601493823,1.427100516,-0.671342411,-1.043301149,-0.816551947
-0.006738408,-2.601493823,1.450809602,-0.712040707,-1.081761284,-0.816705186
-0.006738408,-2.601493823,1.472936279,-0.753620537,-1.120228636,-0.816722376
-0.006738408,-2.601493823,1.493447515,-0.796020551,-1.158696798,-0.8166066
-0.006738408,-2.601493823,1.512312929,-0.839178033,-1.197159507,-0.816360507
-0.006738408,-2.601493823,1.529504846,-0.883029031,-1.235610625,-0.815985599
-0.006738408,-2.601493823,1.54499835,-0.927508503,-1.274044084,-0.815484003
-0.006738408,-2.601493823,1.558771334,-0.972550449,-1.312453918,-0.814858524
-0.006738408,-2.601493823,1.570804531,-1.018088063,-1.350834291,-0.81411275
-0.006738408,-2.601493823,1.581081545,-1.064053866,-1.389179538,-0.813251206
-0.006738408,-2.601493823,1.589588867,-1.110379858,-1.427484206,-0.812279299
-0.006738408,-2.601493823,1.59631588,-1.156997659,-1.465743096,-0.8112032
-0.006738408,-2.601493823,1.60125486,-1.203838651,-1.503951301,-0.810029296
-0.006738408,-2.601493823,1.60440096,-1.25083412,-1.542104214,-0.808762971
-0.006738408,-2.601493823,1.605752192,-1.297915392,-1.580197483,-0.807407937
-0.006738408,-2.601493823,1.605309398,-1.34501397,-1.618226929,-0.805967322
-0.006738408,-2.601493823,1.603076223,-1.392061658,-1.656188521,-0.804441844
-0.006738408,-2.601493823,1.599059081,-1.438990696,-1.694078262,-0.802829353
-0.006738408,-2.601493823,1.593267118,-1.48573388,-1.731892053,-0.801124227
-0.006738408,-2.601493823,1.58571218,-1.532224685,-1.769625532,-0.799318335
-0.006738408,-2.601493823,1.576408776,-1.578397391,-1.807273952,-0.797401128
-0.006738408,-2.601493823,1.565374046,-1.624187202,-1.844832071,-0.795360431
-0.006738408,-2.601493823,1.552627722,-1.669530374,-1.882294071,-0.793183562
-0.006738408,-2.601493823,1.538192094,-1.714364342,-1.919653539,-0.790858692
-0.006738408,-2.601493823,1.522091954,-1.758627844,-1.956903505,-0.788376331
-0.006738408,-2.601493823,1.504354551,-1.802261049,-1.994036549,-0.785730558
-0.006738408,-2.601493823,1.485009514,-1.845205683,-2.031044976,-0.78291998
-0.006738408,-2.601493823,1.464088772,-1.887405145,-2.067921023,-0.779948178
-0.006738408,-2.601493823,1.441626456,-1.928804619,-2.104657096,-0.776822948
-0.006738408,-2.601493823,1.417658784,-1.969351169,-2.141245969,-0.773554981
-0.006738408,-2.601493823,1.392223931,-2.008993827,-2.177680918,-0.770156359
-0.006738408,-2.601493823,1.3653619,-2.047683663,-2.21395579,-0.766639134
-0.006738408,-2.601493823,1.33711438,-2.085373843,-2.250064998,-0.76301408
-0.006738408,-2.601493823,1.307524607,-2.12201968,-2.286003464,-0.759289908
-0.006738408,-2.601493823,1.276637228,-2.157578672,-2.321766519,-0.755472902
-0.006738408,-2.601493823,1.244498173,-2.192010534,-2.35734979,-0.751566921
-0.006738408,-2.601493823,1.211154522,-2.22527723,-2.392749087,-0.747573655
-0.006738408,-2.601493823,1.17665439,-2.257342989,-2.427960299,-0.743493016
-0.006738408,-2.601493823,1.141046801,-2.288174332,-2.46297931,-0.739323622
-0.006738408,-2.601493823,1.104381581,-2.317740084,-2.497801939,-0.735063242
-0.006738408,-2.601493823,1.06670924,-2.34601139,-2.532423902,-0.730708628
-0.006738408,-2.601493823,1.028080862,-2.372961724,-2.56684076,-0.726256152
-0.006738408,-2.601493823,0.988547998,-2.398566894,-2.601047903,-0.721702145
-0.006738408,-2.601493823,0.948162552,-2.422805041,-2.63504055,-0.717042878
-0.006738408,-2.601493823,0.906976676,-2.445656643,-2.668813742,-0.71227441
-0.006738408,-2.601493823,0.865042662,-2.467104499,-2.702362336,-0.707392308
-0.006738408,-2.601493823,0.822412834,-2.487133723,-2.73568098,-0.702391297
-0.006738408,-2.601493823,0.779139443,-2.505731725,-2.768764072,-0.697264851
-0.006738408,-2.601493823,0.735274563,-2.522888194,-2.801605706,-0.692004781
-0.006738408,-2.601493823,0.690869993,-2.538595076,-2.834199587,-0.68660084
-0.006738408,-2.601493823,0.645977149,-2.552846555,-2.866538939,-0.681040362
-0.006738408,-2.601493823,0.600646975,-2.565639029,-2.898616389,-0.67530794
-0.006738408,-2.601493823,0.554929841,-2.576971096,-2.930423838,-0.669385146
-0.006738408,-2.601493823,0.508875448,-2.58684353,-2.961952319,-0.66325022
-0.006738408,-2.601493823,0.462532732,-2.595259274,-2.993191841,-0.656877695
-0.006738408,-2.601493823,0.415949767,-2.602223422,-3.024131214,-0.650237819
-0.006738408,-2.601493823,0.369173663,-2.60774322,-3.054757843,-0.643295617
-0.006738408,-2.601493823,0.322250469,-2.611828059,-3.085057491,-0.636009261
-0.006738408,-2.601493823,0.275225062,-2.614489484,-3.115013946,-0.628327197
-0.006738408,-2.601493823,0.228141039,-2.615741211,-3.144608571,-0.620182857
-0.006738408,-2.601493823,0.181040594,-2.61559916,-3.173819592,-0.611484524
-0.006738408,-2.601493823,0.133964392,-2.614081512,-3.202620916,-0.602094513
-0.006738408,-2.601493823,0.086951418,-2.611208825,-3.230979964,-0.591782378
-0.006738408,-2.601493823,0.040038803,-2.607004228,-3.258853304,0.013750633
-0.006738408,-2.601493823,-0.006738408,-2.601493823,-3.25820564,0
0.079993762,-0.321678533,0,0,0,1
0.079993762,-0.321678533,0.006536348,2.11E-12,0.031415917,1
0.079993762,-0.321678533,0.013057939,0.000986797,0.062831834,1
0.079993762,-0.321678533,0.019534483,0.002959419,0.094247751,1
0.079993762,-0.321678533,0.025935738,0.005915917,0.125663667,1
0.079993762,-0.321678533,0.032231551,0.009853374,0.157079584,1
0.079993762,-0.321678533,0.038391894,0.014767904,0.188495501,1
0.079993762,-0.321678533,0.044386898,0.020654658,0.219911418,1
0.079993762,-0.321678533,0.050186887,0.027507826,0.251327335,1
0.079993762,-0.321678533,0.055762411,0.035320645,0.282743252,1
0.079993762,-0.321678533,0.061084276,0.044085403,0.314159168,1
0.079993762,-0.321678533,0.066123579,0.053793452,0.345575085,1
0.079993762,-0.321678533,0.070851734,0.064435211,0.376991002,1
0.079993762,-0.321678533,0.075240509,0.076000178,0.408406919,1
0.079993762,-0.321678533,0.079262049,0.08847694,0.439822836,1
0.079993762,-0.321678533,0.082888908,0.101853183,0.471238753,1
0.079993762,-0.321678533,0.086094074,0.116115706,0.50265467,1
0.079993762,-0.321678533,0.088850997,0.131250435,0.534070586,1
0.079993762,-0.321678533,0.09113361,0.147242433,0.565486503,1
0.079993762,-0.321678533,0.092916353,0.164075918,0.59690242,1
0.079993762,-0.321678533,0.094174195,0.181734278,0.628318337,1
0.079993762,-0.321678533,0.094882656,0.200200086,0.659734254,1
0.079993762,-0.321678533,0.095017827,0.219455117,0.691150171,1
0.079993762,-0.321678533,0.094556442,0.239480371,0.722566087,1
0.079993762,-0.321678533,0.0934762,0.260256084,0.753982004,1
0.079993762,-0.321678533,0.09175708,0.281761754,0.785397921,-0.151868173
0.079993762,-0.321678533,0.089393131,0.303976156,0.780626843,-1
0.079993762,-0.321678533,0.087451689,0.326084319,0.749210926,-1
0.079993762,-0.321678533,0.086216058,0.347480481,0.71779501,-1
0.079993762,-0.321678533,0.085643229,0.368143525,0.686379093,-1
0.079993762,-0.321678533,0.085708934,0.388053061,0.654963176,-1
0.079993762,-0.321678533,0.086389769,0.407189439,0.623547259,-1
0.079993762,-0.321678533,0.087661904,0.425533775,0.592131342,-1
0.079993762,-0.321678533,0.089500962,0.443067965,0.560715425,-1
0.079993762,-0.321678533,0.091882011,0.459774705,0.529299509,-1
0.079993762,-0.321678533,0.094779587,0.475637507,0.497883592,-1
0.079993762,-0.321678533,0.098167712,0.490640716,0.466467675,-1
0.079993762,-0.321678533,0.102019924,0.504769527,0.435051758,-1
0.079993762,-0.321678533,0.106309298,0.518009996,0.403635841,-1
0.079993762,-0.321678533,0.111008466,0.530349055,0.372219924,-1
0.079993762,-0.321678533,0.116089644,0.541774529,0.340804007,-1
0.079993762,-0.321678533,0.121524652,0.552275141,0.309388091,-1
0.079993762,-0.321678533,0.127284945,0.561840528,0.277972174,-1
0.079993762,-0.321678533,0.133341632,0.570461252,0.246556257,-1
0.079993762,-0.321678533,0.139665511,0.578128803,0.21514034,-1
0.079993762,-0.321678533,0.14622709,0.584835615,0.183724423,-1
0.079993762,-0.321678533,0.152996618,0.59057507,0.152308506,-1
0.079993762,-0.321678533,0.159944114,0.595341503,0.12089259,-1
0.079993762,-0.321678533,0.167039394,0.59913021,0.089476673,-1
0.079993762,-0.321678533,0.174252103,0.601937452,0.058060756,-1
0.079993762,-0.321678533,0.18155174,0.603760459,0.026644839,-1
0.079993762,-0.321678533,0.188907692,0.604597432,-0.004771078,-1
0.079993762,-0.321678533,0.196289264,0.604447545,-0.036186995,-1
0.079993762,-0.321678533,0.203665705,0.603310946,-0.067602912,-1
0.079993762,-0.321678533,0.211006244,0.601188755,-0.099018828,-1
0.079993762,-0.321678533,0.21828012,0.598083069,-0.130434745,-1
0.079993762,-0.321678533,0.225456612,0.593996951,-0.161850662,-1
0.079993762,-0.321678533,0.232505073,0.588934435,-0.193266579,-1
0.079993762,-0.321678533,0.239394964,0.582900516,-0.224682496,-1
0.079993762,-0.321678533,0.246095884,0.575901148,-0.256098413,-1
0.079993762,-0.321678533,0.252577607,0.567943241,-0.287514329,-1
0.079993762,-0.321678533,0.258810113,0.559034646,-0.318930246,-1
0.079993762,-0.321678533,0.264763624,0.549184156,-0.350346163,-1
0.079993762,-0.321678533,0.270408639,0.538401492,-0.38176208,-1
0.079993762,-0.321678533,0.275715962,0.526697295,-0.413177997,-1
0.079993762,-0.321678533,0.280656745,0.514083116,-0.444593914,-1
0.079993762,-0.321678533,0.285202511,0.500571404,-0.476009831,-1
0.079993762,-0.321678533,0.289325195,0.486175492,-0.507425747,-1
0.079993762,-0.321678533,0.292997171,0.470909588,-0.538841664,-1
0.079993762,-0.321678533,0.296191283,0.454788758,-0.570257581,-1
0.079993762,-0.321678533,0.298880876,0.43782891,-0.601673498,-1
0.079993762,-0.321678533,0.301039827,0.420046782,-0.633089415,-1
0.079993762,-0.321678533,0.302642566,0.401459924,-0.664505332,-1
0.079993762,-0.321678533,0.30366411,0.382086677,-0.695921249,-1
0.079993762,-0.321678533,0.304080083,0.361946161,-0.727337165,-1
0.079993762,-0.321678533,0.303866744,0.341058252,-0.758753082,-1
0.079993762,-0.321678533,0.303001006,0.319443565,-0.790168999,-1
0.079993762,-0.321678533,0.301460463,0.297123429,-0.821584916,-1
0.079993762,-0.321678533,0.299223406,0.274119873,-0.853000833,-1
0.079993762,-0.321678533,0.29626885,0.250455597,-0.88441675,-1
0.079993762,-0.321678533,0.292576545,0.226153957,-0.915832666,-1
0.079993762,-0.321678533,0.288127003,0.201238934,-0.947248583,-1
0.079993762,-0.321678533,0.28290151,0.175735117,-0.9786645,-1
0.079993762,-0.321678533,0.276882149,0.149667674,-1.010080417,-1
0.079993762,-0.321678533,0.27005181,0.123062332,-1.041496334,-1
0.079993762,-0.321678533,0.262394211,0.095945346,-1.072912251,-1
0.079993762,-0.321678533,0.25389391,0.068343478,-1.104328168,-1
0.079993762,-0.321678533,0.24453632,0.040283968,-1.135744084,-1
0.079993762,-0.321678533,0.23430772,0.011794506,-1.167160001,-1
0.079993762,-0.321678533,0.223195266,-0.017096792,-1.198575918,-1
0.079993762,-0.321678533,0.211187,-0.046361413,-1.229991835,-1
0.079993762,-0.321678533,0.198271856,-0.075970476,-1.261407752,-1
0.079993762,-0.321678533,0.184439671,-0.105894762,-1.292823669,-1
0.079993762,-0.321678533,0.169681188,-0.136104739,-1.324239585,-1
0.079993762,-0.321678533,0.153988175,-0.166570593,-1.355655502,-1
0.079993762,-0.321678533,0.137354765,-0.197262258,-1.387071419,-1
0.079993762,-0.321678533,0.119794678,-0.228149444,-1.418487336,-1
0.079993762,-0.321678533,0.101557065,-0.259201671,-1.449903253,-1
0.079993762,-0.321678533,0.085356884,-0.290388293,-1.48131917,0.004516817
0.079993762,-0.321678533,0.079993762,-0.321678533,-1.48117727,0
-2.591298552,0.521996164,0,0,0,-1
-2.591298552,0.521996164,-0.006748835,-3.00E-12,-0.031415917,-1
-2.591298552,0.521996164,-0.013516636,-0.000986797,-0.062831834,-1
-2.591298552,0.521996164,-0.020338027,-0.002959419,-0.094247751,-1
-2.591298552,0.521996164,-0.027247579,-0.005915917,-0.125663667,-1
-2.591298552,0.521996164,-0.034279773,-0.009853374,-0.157079584,-1
-2.591298552,0.521996164,-0.041468979,-0.014767904,-0.188495501,-1
-2.591298552,0.521996164,-0.04884943,-0.020654658,-0.219911418,-1
-2.591298552,0.521996164,-0.056455194,-0.027507826,-0.251327335,-1
-2.591298552,0.521996164,-0.064320157,-0.035320645,-0.282743252,-1
-2.591298552,0.521996164,-0.072477989,-0.044085403,-0.314159168,-1
-2.591298552,0.521996164,-0.080962128,-0.053793452,-0.345575085,-1
-2.591298552,0.521996164,-0.089805756,-0.064435212,-0.376991002,-1
-2.591298552,0.521996164,-0.099041769,-0.076000178,-0.408406919,-1
-2.591298552,0.521996164,-0.108702761,-0.08847694,-0.439822836,-1
-2.591298552,0.521996164,-0.118820997,-0.101853183,-0.471238753,-1
-2.591298552,0.521996164,-0.129428391,-0.116115706,-0.50265467,-1
-2.591298552,0.521996164,-0.140556484,-0.131250435,-0.534070586,-1
-2.591298552,0.521996164,-0.152236419,-0.147242433,-0.565486503,-1
-2.591298552,0.521996164,-0.164498922,-0.164075918,-0.59690242,-1
-2.591298552,0.521996164,-0.177374277,-0.181734278,-0.628318337,-1
-2.591298552,0.521996164,-0.190892307,-0.200200086,-0.659734254,-1
-2.591298552,0.521996164,-0.205082347,-0.219455117,-0.691150171,-1
-2.591298552,0.521996164,-0.219973101,-0.239480371,-0.722566087,-0.085945884
-2.591298552,0.521996164,-0.235588694,-0.260256084,-0.725266156,1
-2.591298552,0.521996164,-0.251213247,-0.28109535,-0.693850239,1
-2.591298552,0.521996164,-0.266290962,-0.301185889,-0.662434322,1
-2.591298552,0.521996164,-0.280855409,-0.320507876,-0.631018406,1
-2.591298552,0.521996164,-0.294937044,-0.339042241,-0.599602489,1
-2.591298552,0.521996164,-0.308567043,-0.356770694,-0.568186572,1
-2.591298552,0.521996164,-0.321777391,-0.373675738,-0.536770655,1
-2.591298552,0.521996164,-0.334600844,-0.38974069,-0.505354738,1
-2.591298552,0.521996164,-0.347070907,-0.404949696,-0.473938821,1
-2.591298552,0.521996164,-0.359221814,-0.419287748,-0.442522905,1
-2.591298552,0.521996164,-0.371088516,-0.432740694,-0.411106988,1
-2.591298552,0.521996164,-0.382706658,-0.445295258,-0.379691071,1
-2.591298552,0.521996164,-0.394112561,-0.456939051,-0.348275154,1
-2.591298552,0.521996164,-0.405343205,-0.467660582,-0.316859237,1
-2.591298552,0.521996164,-0.41643621,-0.477449269,-0.28544332,1
-2.591298552,0.521996164,-0.427429818,-0.486295453,-0.254027403,1
-2.591298552,0.521996164,-0.438362873,-0.494190403,-0.222611487,1
-2.591298552,0.521996164,-0.449274803,-0.501126328,-0.19119557,1
-2.591298552,0.521996164,-0.460205606,-0.507096383,-0.159779653,1
-2.591298552,0.521996164,-0.471195827,-0.512094676,-0.128363736,1
-2.591298552,0.521996164,-0.482286547,-0.516116275,-0.096947819,1
-2.591298552,0.521996164,-0.493519367,-0.519157211,-0.065531902,1
-2.591298552,0.521996164,-0.504936389,-0.521214482,-0.034115986,1
-2.591298552,0.521996164,-0.516580212,-0.522286059,-0.002700069,1
-2.591298552,0.521996164,-0.528493914,-0.522370884,0.028715848,1
-2.591298552,0.521996164,-0.540721045,-0.521468874,0.060131765,1
-2.591298552,0.521996164,-0.55330562,-0.519580918,0.091547682,1
-2.591298552,0.521996164,-0.566292117,-0.516708879,0.122963599,1
-2.591298552,0.521996164,-0.57972547,-0.512855592,0.154379516,1
-2.591298552,0.521996164,-0.593651072,-0.50802486,0.185795432,1
-2.591298552,0.521996164,-0.608114778,-0.50222145,0.217211349,1
-2.591298552,0.521996164,-0.623162914,-0.49545109,0.248627266,1
-2.591298552,0.521996164,-0.638842287,-0.48772046,0.280043183,1
-2.591298552,0.521996164,-0.655200203,-0.47903719,0.3114591,1
-2.591298552,0.521996164,-0.672284484,-0.46940985,0.342875017,1
-2.591298552,0.521996164,-0.690143502,-0.45884794,0.374290934,1
-2.591298552,0.521996164,-0.708826209,-0.447361883,0.40570685,1
-2.591298552,0.521996164,-0.728382182,-0.434963016,0.437122767,1
-2.591298552,0.521996164,-0.748861672,-0.421663574,0.468538684,1
-2.591298552,0.521996164,-0.77031567,-0.407476682,0.499954601,1
-2.591298552,0.521996164,-0.79279598,-0.392416341,0.531370518,1
-2.591298552,0.521996164,-0.816355304,-0.376497413,0.562786435,1
-2.591298552,0.521996164,-0.84104735,-0.35973561,0.594202351,1
-2.591298552,0.521996164,-0.866926946,-0.342147472,0.625618268,1
-2.591298552,0.521996164,-0.894050183,-0.323750356,0.657034185,1
-2.591298552,0.521996164,-0.922474571,-0.30456242,0.688450102,1
-2.591298552,0.521996164,-0.952259227,-0.284602598,0.719866019,1
-2.591298552,0.521996164,-0.983465081,-0.263890589,0.751281936,1
-2.591298552,0.521996164,-1.016155326,-0.242446832,0.782697853,1
-2.591298552,0.521996164,-1.050395301,-0.220292491,0.814113769,1
-2.591298552,0.521996164,-1.086252711,-0.197449429,0.845529686,1
-2.591298552,0.521996164,-1.123798029,-0.17394019,0.876945603,1
-2.591298552,0.521996164,-1.163078598,-0.149787973,0.90836152,1
-2.591298552,0.521996164,-1.204133208,-0.125016615,0.939777437,1
-2.591298552,0.521996164,-1.2469993,-0.099650562,0.971193354,1
-2.591298552,0.521996164,-1.291712762,-0.073714846,1.002609271,1
-2.591298552,0.521996164,-1.338307564,-0.047235064,1.034025187,1
-2.591298552,0.521996164,-1.386815326,-0.020237348,1.065441104,1
-2.591298552,0.521996164,-1.437264856,0.00725166,1.096857021,1
-2.591298552,0.521996164,-1.489681635,0.03520483,1.128272938,1
-2.591298552,0.521996164,-1.544087253,0.063594576,1.159688855,1
-2.591298552,0.521996164,-1.600498751,0.092392881,1.191104772,1
-2.591298552,0.521996164,-1.65892788,0.121571324,1.222520688,1
-2.591298552,0.521996164,-1.719380261,0.151101111,1.253936605,1
-2.591298552,0.521996164,-1.781854438,0.180953098,1.285352522,1
-2.591298552,0.521996164,-1.846340819,0.211097825,1.316768439,1
-2.591298552,0.521996164,-1.912820527,0.241505544,1.348184356,1
-2.591298552,0.521996164,-1.98126416,0.272146245,1.379600273,1
-2.591298552,0.521996164,-2.051630484,0.302989689,1.41101619,1
-2.591298552,0.521996164,-2.1238651,0.334005439,1.442432106,1
-2.591298552,0.521996164,-2.197899133,0.365162885,1.473848023,1
-2.591298552,0.521996164,-2.273648015,0.396431278,1.50526394,1
-2.591298552,0.521996164,-2.351010494,0.427779761,1.536679857,1
-2.591298552,0.521996164,-2.42986808,0.459177396,1.568095774,1
-2.591298552,0.521996164,-2.510081393,0.490593198,1.59951169,-0.001702149
-2.591298552,0.521996164,-2.591298552,0.521996164,1.599458216,0
1.241648904,1.295507365,0,0,0,-1
1.241648904,1.295507365,0.031415917,-0.004128637,-0.031415917,-1
1.241648904,1.295507365,0.062816331,-0.009246021,-0.062831834,-1
1.241648904,1.295507365,0.094170256,-0.015353358,-0.094247751,-1
1.241648904,1.295507365,0.125446747,-0.022451211,-0.125663667,-1
1.241648904,1.295507365,0.15661494,-0.03053962,-0.157079584,-1
1.241648904,1.295507365,0.187644075,-0.039618269,-0.188495501,-1
1.241648904,1.295507365,0.218503529,-0.04968671,-0.219911418,-1
1.241648904,1.295507365,0.249162849,-0.06074471,-0.251327335,-1
1.241648904,1.295507365,0.279591778,-0.072792799,-0.282743251,-0.681727783
1.241648904,1.295507365,0.309760285,-0.085833272,-0.304160355,1
1.241648904,1.295507365,0.339734172,-0.099573122,-0.272744438,1
1.241648904,1.295507365,0.369988806,-0.112438248,-0.241328521,1
1.241648904,1.295507365,0.400494331,-0.124419141,-0.209912604,1
1.241648904,1.295507365,0.431220641,-0.13550618,-0.178496687,1
1.241648904,1.295507365,0.462137413,-0.145689756,-0.147080771,1
1.241648904,1.295507365,0.493214135,-0.154959866,-0.115664854,1
1.241648904,1.295507365,0.524420139,-0.163305738,-0.084248937,1
1.241648904,1.295507365,0.555724628,-0.170715733,-0.05283302,1
1.241648904,1.295507365,0.587096709,-0.177177887,-0.021417103,1
1.241648904,1.295507365,0.618505421,-0.182681202,0.009998814,1
1.241648904,1.295507365,0.649919767,-0.187217247,0.041414731,1
1.241648904,1.295507365,0.681308745,-0.190781393,0.072830647,1
1.241648904,1.295507365,0.712641379,-0.193373356,0.104246564,1
1.241648904,1.295507365,0.743886746,-0.194997354,0.135662481,1
1.241648904,1.295507365,0.775014012,-0.195662674,0.167078398,1
1.241648904,1.295507365,0.805992456,-0.195386318,0.198494315,1
1.241648904,1.295507365,0.836791509,-0.194208828,0.229910232,1
1.241648904,1.295507365,0.867380774,-0.192145025,0.261326148,1
1.241648904,1.295507365,0.897730064,-0.189043993,0.292742065,1
1.241648904,1.295507365,0.927809427,-0.184938905,0.324157982,1
1.241648904,1.295507365,0.957589179,-0.179853326,0.355573899,1
1.241648904,1.295507365,0.987039931,-0.173804515,0.386989816,1
1.241648904,1.295507365,1.016132619,-0.16680757,0.418405733,1
1.241648904,1.295507365,1.044838531,-0.158876813,0.44982165,1
1.241648904,1.295507365,1.073129339,-0.150026408,0.481237566,1
1.241648904,1.295507365,1.100977122,-0.140270691,0.512653483,1
1.241648904,1.295507365,1.128354399,-0.129624365,0.5440694,1
1.241648904,1.295507365,1.155234151,-0.118102616,0.575485317,1
1.241648904,1.295507365,1.181589852,-0.10572119,0.606901234,1
1.241648904,1.295507365,1.207395491,-0.092496445,0.638317151,1
1.241648904,1.295507365,1.232625601,-0.078445372,0.669733068,1
1.241648904,1.295507365,1.257255284,-0.063585615,0.701148984,1
1.241648904,1.295507365,1.281260232,-0.047935473,0.732564901,1
1.241648904,1.295507365,1.304616757,-0.031513888,0.763980818,1
1.241648904,1.295507365,1.327301807,-0.014340432,0.795396735,1
1.241648904,1.295507365,1.349292996,0.003564712,0.826812652,1
1.241648904,1.295507365,1.37056862,0.022180772,0.858228569,1
1.241648904,1.295507365,1.391107684,0.041486403,0.889644486,1
1.241648904,1.295507365,1.410889917,0.06145967,0.921060403,1
1.241648904,1.295507365,1.429895797,0.082077992,0.952476319,1
1.241648904,1.295507365,1.448106569,0.103317983,0.983892236,1
1.241648904,1.295507365,1.465504258,0.125154985,1.015308153,1
1.241648904,1.295507365,1.482071698,0.147560885,1.04672407,1
1.241648904,1.295507365,1.497792536,0.170503913,1.078139987,1
1.241648904,1.295507365,1.512651259,0.193952943,1.109555904,1
1.241648904,1.295507365,1.526633204,0.217878233,1.140971821,1
1.241648904,1.295507365,1.53972457,0.242251331,1.172387738,1
1.241648904,1.295507365,1.55191244,0.267044973,1.203803655,1
1.241648904,1.295507365,1.563184785,0.292232878,1.235219571,1
1.241648904,1.295507365,1.57353048,0.317789434,1.266635488,1
1.241648904,1.295507365,1.582939315,0.343689334,1.298051405,1
1.241648904,1.295507365,1.591402006,0.369907206,1.329467322,1
1.241648904,1.295507365,1.598910201,0.396417291,1.360883239,1
1.241648904,1.295507365,1.605456489,0.423193221,1.392299156,1
1.241648904,1.295507365,1.611034411,0.450207902,1.423715073,1
1.241648904,1.295507365,1.615638461,0.47743349,1.45513099,1
1.241648904,1.295507365,1.619264097,0.50484144,1.486546906,1
1.241648904,1.295507365,1.62190774,0.5324026,1.517962823,1
1.241648904,1.295507365,1.623566781,0.560087311,1.54937874,1
1.241648904,1.295507365,1.624239582,0.587865512,1.580794657,1
1.241648904,1.295507365,1.623925481,0.615706829,1.612210574,1
1.241648904,1.295507365,1.622624786,0.643580646,1.643626491,1
1.241648904,1.295507365,1.620338782,0.671456149,1.675042408,1
1.241648904,1.295507365,1.617069724,0.699302365,1.706458324,1
1.241648904,1.295507365,1.612820839,0.72708818,1.737874241,1
1.241648904,1.295507365,1.60759632,0.754782349,1.769290158,1
1.241648904,1.295507365,1.601401322,0.782353509,1.800706075,1
1.241648904,1.295507365,1.59424196,0.809770196,1.832121992,1
1.241648904,1.295507365,1.586125299,0.837000868,1.863537909,1
1.241648904,1.295507365,1.577059349,0.864013946,1.894953826,1
1.241648904,1.295507365,1.567053057,0.890777865,1.926369742,1
1.241648904,1.295507365,1.556116297,0.917261136,1.957785659,1
1.241648904,1.295507365,1.544259864,0.943432421,1.989201576,1
1.241648904,1.295507365,1.531495459,0.969260604,2.020617493,1
1.241648904,1.295507365,1.517835677,0.994714869,2.05203341,1
1.241648904,1.295507365,1.503294,1.019764763,2.083449327,1
1.241648904,1.295507365,1.487884778,1.044379673,2.114865243,1
1.241648904,1.295507365,1.471623219,1.068529335,2.14628116,1
1.241648904,1.295507365,1.45452537,1.092184176,2.177697077,1
1.241648904,1.295507365,1.436608106,1.115315318,2.209112994,1
1.241648904,1.295507365,1.417889108,1.137894587,2.240528911,1
1.241648904,1.295507365,1.398386849,1.159894508,2.271944828,1
1.241648904,1.295507365,1.378120577,1.181288308,2.303360744,1
1.241648904,1.295507365,1.357110292,1.202049902,2.334776661,1
1.241648904,1.295507365,1.335376727,1.222153885,2.366192578,1
1.241648904,1.295507365,1.312941332,1.2415755,2.397608495,1
1.241648904,1.295507365,1.289826247,1.260290609,2.429024412,1
1.241648904,1.295507365,1.266054284,1.278275619,2.460440329,-0.007549406
1.241648904,1.295507365,1.241648904,1.295507365,2.460203157,0
1.784607793,0.410638445,0,0,0,-1
1.784607793,0.410638445,0.024982066,-2.45E-12,-0.031415917,-1
1.784607793,0.410638445,0.049948646,-0.000986797,-0.062831834,-1
1.784607793,0.410638445,0.074868733,-0.002959419,-0.094247751,-1
1.784607793,0.410638445,0.099711363,-0.005915917,-0.125663667,-1
1.784607793,0.410638445,0.124445656,-0.009853374,-0.157079584,-1
1.784607793,0.410638445,0.149040857,-0.014767904,-0.188495501,-1
1.784607793,0.410638445,0.173466368,-0.020654658,-0.219911418,-1
1.784607793,0.410638445,0.197691779,-0.027507826,-0.251327335,-1
1.784607793,0.410638445,0.221686899,-0.035320645,-0.282743252,-1
1.784607793,0.410638445,0.245421788,-0.044085403,-0.314159168,-1
1.784607793,0.410638445,0.268866782,-0.053793452,-0.345575085,-1
1.784607793,0.410638445,0.291992529,-0.064435211,-0.376991002,-1
1.784607793,0.410638445,0.314770009,-0.076000178,-0.408406919,-1
1.784607793,0.410638445,0.337170568,-0.08847694,-0.439822836,-1
1.784607793,0.410638445,0.359165936,-0.101853183,-0.471238753,-1
1.784607793,0.410638445,0.380728254,-0.116115706,-0.50265467,-1
1.784607793,0.410638445,0.401830081,-0.131250435,-0.534070586,-1
1.784607793,0.410638445,0.422444404,-0.147242433,-0.565486503,-1
1.784607793,0.410638445,0.44254464,-0.164075918,-0.59690242,-1
1.784607793,0.410638445,0.462104687,-0.181734278,-0.628318337,-1
1.784607793,0.410638445,0.48109923,-0.200200086,-0.659734254,-1
1.784607793,0.410638445,0.499504588,-0.219455117,-0.691150171,-1
1.784607793,0.410638445,0.517300071,-0.239480371,-0.722566087,-1
1.784607793,0.410638445,0.534469009,-0.260256084,-0.753982004,-0.188357342
1.784607793,0.410638445,0.550998563,-0.281761754,-0.759899423,1
1.784607793,0.410638445,0.567437401,-0.303402562,-0.728483506,1
1.784607793,0.410638445,0.584561792,-0.324317357,-0.697067589,1
1.784607793,0.410638445,0.602342096,-0.344485499,-0.665651672,1
1.784607793,0.410638445,0.620751621,-0.363887083,-0.634235755,1
1.784607793,0.410638445,0.639764455,-0.382502964,-0.602819839,1
1.784607793,0.410638445,0.659354767,-0.400314769,-0.571403922,1
1.784607793,0.410638445,0.679496527,-0.41730492,-0.539988005,1
1.784607793,0.410638445,0.700163385,-0.43345665,-0.508572088,1
1.784607793,0.410638445,0.721328601,-0.448754019,-0.477156171,1
1.784607793,0.410638445,0.742965021,-0.463181931,-0.445740254,1
1.784607793,0.410638445,0.765045066,-0.476726147,-0.414324338,1
1.784607793,0.410638445,0.78754074,-0.489373301,-0.382908421,1
1.784607793,0.410638445,0.810423637,-0.501110911,-0.351492504,1
1.784607793,0.410638445,0.83366496,-0.511927393,-0.320076587,1
1.784607793,0.410638445,0.857235547,-0.521812074,-0.28866067,1
1.784607793,0.410638445,0.881105891,-0.530755198,-0.257244753,1
1.784607793,0.410638445,0.905246168,-0.538747939,-0.225828836,1
1.784607793,0.410638445,0.929626265,-0.54578241,-0.19441292,1
1.784607793,0.410638445,0.954215812,-0.551851668,-0.162997003,1
1.784607793,0.410638445,0.978984202,-0.556949724,-0.131581086,1
1.784607793,0.410638445,1.00390063,-0.561071546,-0.100165169,1
1.784607793,0.410638445,1.028934104,-0.564213068,-0.068749252,1
1.784607793,0.410638445,1.054053431,-0.566371187,-0.037333335,1
1.784607793,0.410638445,1.079227299,-0.567543776,-0.005917419,1
1.784607793,0.410638445,1.104424294,-0.567729676,0.025498498,1
1.784607793,0.410638445,1.129612945,-0.566928704,0.056914415,1
1.784607793,0.410638445,1.154761766,-0.565141651,0.088330332,1
1.784607793,0.410638445,1.179839296,-0.562370279,0.119746249,1
1.784607793,0.410638445,1.20481413,-0.558617325,0.151162166,1
1.784607793,0.410638445,1.229654959,-0.553886492,0.182578083,1
1.784607793,0.410638445,1.254330603,-0.548182448,0.213993999,1
1.784607793,0.410638445,1.278810041,-0.541510824,0.245409916,1
1.784607793,0.410638445,1.303062453,-0.533878202,0.276825833,1
1.784607793,0.410638445,1.327057243,-0.525292115,0.30824175,1
1.784607793,0.410638445,1.350764083,-0.515761037,0.339657667,1
1.784607793,0.410638445,1.374152939,-0.505294374,0.371073584,1
1.784607793,0.410638445,1.397194105,-0.493902455,0.402489501,1
1.784607793,0.410638445,1.419858237,-0.481596523,0.433905417,1
1.784607793,0.410638445,1.442116383,-0.468388722,0.465321334,1
1.784607793,0.410638445,1.463940018,-0.454292086,0.496737251,1
1.784607793,0.410638445,1.485301066,-0.439320528,0.528153168,1
1.784607793,0.410638445,1.506171941,-0.423488822,0.559569085,1
1.784607793,0.410638445,1.526525565,-0.406812592,0.590985002,1
1.784607793,0.410638445,1.546335403,-0.389308295,0.622400918,1
1.784607793,0.410638445,1.56557549,-0.370993208,0.653816835,1
1.784607793,0.410638445,1.584220452,-0.351885403,0.685232752,1
1.784607793,0.410638445,1.602245537,-0.332003738,0.716648669,1
1.784607793,0.410638445,1.619626635,-0.311367834,0.748064586,1
1.784607793,0.410638445,1.636340305,-0.289998057,0.779480503,1
1.784607793,0.410638445,1.652363794,-0.267915495,0.81089642,1
1.784607793,0.410638445,1.667675062,-0.245141941,0.842312336,1
1.784607793,0.410638445,1.6822528,-0.22169987,0.873728253,1
1.784607793,0.410638445,1.696076449,-0.197612417,0.90514417,1
1.784607793,0.410638445,1.709126223,-0.172903352,0.936560087,1
1.784607793,0.410638445,1.721383121,-0.147597062,0.967976004,1
1.784607793,0.410638445,1.732828949,-0.121718519,0.999391921,1
1.784607793,0.410638445,1.743446336,-0.095293263,1.030807838,1
1.784607793,0.410638445,1.753218745,-0.068347373,1.062223754,1
1.784607793,0.410638445,1.762130492,-0.040907441,1.093639671,1
1.784607793,0.410638445,1.770166759,-0.013000546,1.125055588,1
1.784607793,0.410638445,1.777313607,0.015345771,1.156471505,1
1.784607793,0.410638445,1.783557986,0.044103534,1.187887422,1
1.784607793,0.410638445,1.788887749,0.073244365,1.219303339,1
1.784607793,0.410638445,1.793291663,0.102739503,1.250719255,1
1.784607793,0.410638445,1.796759417,0.132559842,1.282135172,1
1.784607793,0.410638445,1.799281633,0.162675952,1.313551089,1
1.784607793,0.410638445,1.800849872,0.193058113,1.344967006,1
1.784607793,0.410638445,1.801456643,0.22367634,1.376382923,1
1.784607793,0.410638445,1.801095409,0.254500417,1.40779884,1
1.784607793,0.410638445,1.799760595,0.285499925,1.439214756,1
1.784607793,0.410638445,1.797447586,0.31664427,1.470630673,1
1.784607793,0.410638445,1.794152738,0.347902718,1.50204659,1
1.784607793,0.410638445,1.789873376,0.37924442,1.533462507,-0.009277238
1.784607793,0.410638445,1.784607793,0.410638445,1.533171054,0
1.480818478,1.345386962,0,0,0,-1
1.480818478,1.345386962,0.031415917,-0.0019215,-0.031415917,-1
1.480818478,1.345386962,0.062816331,-0.004830871,-0.062831834,-1
1.480818478,1.345386962,0.094170256,-0.008728235,-0.094247751,-1
1.480818478,1.345386962,0.125446747,-0.013612781,-0.125663667,-1
1.480818478,1.345386962,0.15661494,-0.019482782,-0.157079584,-1
1.480818478,1.345386962,0.187644075,-0.026335625,-0.188495501,-1
1.480818478,1.345386962,0.218503529,-0.034167837,-0.219911418,-1
1.480818478,1.345386962,0.249162849,-0.04297513,-0.251327335,-1
1.480818478,1.345386962,0.279591778,-0.052752458,-0.282743252,-1
1.480818478,1.345386962,0.309760285,-0.063494092,-0.314159168,-1
1.480818478,1.345386962,0.339638598,-0.075193744,-0.345575085,-1
1.480818478,1.345386962,0.369197231,-0.087844757,-0.376991002,0.789486395
1.480818478,1.345386962,0.398407013,-0.10144046,-0.352188563,1
1.480818478,1.345386962,0.42789462,-0.114335109,-0.320772647,1
1.480818478,1.345386962,0.457708077,-0.126326191,-0.28935673,1
1.480818478,1.345386962,0.487817959,-0.137404467,-0.257940813,1
1.480818478,1.345386962,0.518194552,-0.14756155,-0.226524896,1
1.480818478,1.345386962,0.548807879,-0.15679001,-0.195108979,1
1.480818478,1.345386962,0.579627727,-0.165083409,-0.163693062,1
1.480818478,1.345386962,0.610623681,-0.17243636,-0.132277146,1
1.480818478,1.345386962,0.641765152,-0.178844708,-0.100861229,1
1.480818478,1.345386962,0.673021407,-0.184306026,-0.069445312,1
1.480818478,1.345386962,0.7043616,-0.188820798,-0.038029395,1
1.480818478,1.345386962,0.735754802,-0.192395128,-0.006613478,1
1.480818478,1.345386962,0.767170032,-0.195047616,0.024802439,1
1.480818478,1.345386962,0.798576286,-0.196834629,0.056218356,1
1.480818478,1.345386962,0.82994257,-0.198449063,0.087634272,1
1.480818478,1.345386962,0.86123793,-0.198985431,0.119050189,1
1.480818478,1.345386962,0.892431482,-0.198007649,0.150466106,1
1.480818478,1.345386962,0.92349244,-0.195910052,0.181882023,1
1.480818478,1.345386962,0.954390151,-0.192764746,0.21329794,1
1.480818478,1.345386962,0.985094124,-0.188605889,0.244713857,1
1.480818478,1.345386962,1.015574056,-0.183456245,0.276129773,1
1.480818478,1.345386962,1.045799868,-0.177334755,0.30754569,1
1.480818478,1.345386962,1.075741732,-0.170260279,0.338961607,1
1.480818478,1.345386962,1.105370097,-0.162255576,0.370377524,1
1.480818478,1.345386962,1.134655724,-0.153358477,0.401793441,1
1.480818478,1.345386962,1.163569712,-0.143756233,0.433209358,1
1.480818478,1.345386962,1.192083526,-0.133779098,0.464625275,1
1.480818478,1.345386962,1.220169027,-0.122239636,0.496041191,1
1.480818478,1.345386962,1.247798497,-0.109722701,0.527457108,1
1.480818478,1.345386962,1.27494467,-0.096283689,0.558873025,1
1.480818478,1.345386962,1.301580755,-0.081954584,0.590288942,1
1.480818478,1.345386962,1.327680467,-0.066760249,0.621704859,1
1.480818478,1.345386962,1.353218047,-0.050722893,0.653120776,1
1.480818478,1.345386962,1.378168294,-0.033863745,0.684536693,1
1.480818478,1.345386962,1.402506584,-0.016203809,0.71595261,1
1.480818478,1.345386962,1.426208899,0.002235761,0.747368526,1
1.480818478,1.345386962,1.449251847,0.021433457,0.778784443,1
1.480818478,1.345386962,1.471612688,0.041367303,0.81020036,1
1.480818478,1.345386962,1.493269353,0.062014794,0.841616277,1
1.480818478,1.345386962,1.514200472,0.083352863,0.873032194,1
1.480818478,1.345386962,1.534385386,0.105357863,0.904448111,1
1.480818478,1.345386962,1.553804177,0.128005549,0.935864028,1
1.480818478,1.345386962,1.57243768,0.151271052,0.967279945,1
1.480818478,1.345386962,1.590267506,0.17512883,0.998695861,1
1.480818478,1.345386962,1.60727606,0.19955266,1.030111778,1
1.480818478,1.345386962,1.623446555,0.224515715,1.061527695,1
1.480818478,1.345386962,1.638763034,0.249990677,1.092943612,1
1.480818478,1.345386962,1.653210381,0.275949789,1.124359529,1
1.480818478,1.345386962,1.666774338,0.302364888,1.155775446,1
1.480818478,1.345386962,1.679441519,0.329207418,1.187191363,1
1.480818478,1.345386962,1.691199424,0.356448441,1.21860728,1
1.480818478,1.345386962,1.702036449,0.384058665,1.250023196,1
1.480818478,1.345386962,1.711941898,0.412008462,1.281439113,1
1.480818478,1.345386962,1.720905997,0.440267896,1.31285503,1
1.480818478,1.345386962,1.728919899,0.468806753,1.344270947,1
1.480818478,1.345386962,1.735975695,0.49759457,1.375686864,1
1.480818478,1.345386962,1.742066422,0.526600664,1.407102781,1
1.480818478,1.345386962,1.747186069,0.555794164,1.438518698,1
1.480818478,1.345386962,1.751329584,0.585144037,1.469934615,1
1.480818478,1.345386962,1.754492877,0.614619125,1.501350531,1
1.480818478,1.345386962,1.756672827,0.644188169,1.532766448,1
1.480818478,1.345386962,1.757867283,0.673819842,1.564182365,1
1.480818478,1.345386962,1.758075065,0.703482778,1.595598282,1
1.480818478,1.345386962,1.757295968,0.733145603,1.627014199,1
1.480818478,1.345386962,1.755530763,0.762776965,1.658430116,1
1.480818478,1.345386962,1.752781189,0.792345561,1.689846033,1
1.480818478,1.345386962,1.749049962,0.821820169,1.721261949,1
1.480818478,1.345386962,1.744340763,0.851169676,1.752677866,1
1.480818478,1.345386962,1.738658239,0.880363111,1.784093783,1
1.480818478,1.345386962,1.732008,0.909369668,1.8155097,1
1.480818478,1.345386962,1.724396606,0.93815874,1.846925617,1
1.480818478,1.345386962,1.715831571,0.966699944,1.878341534,1
1.480818478,1.345386962,1.706321347,0.994963152,1.90975745,1
1.480818478,1.345386962,1.695875319,1.022918517,1.941173367,1
1.480818478,1.345386962,1.684503796,1.050536388,1.972589284,1
1.480818478,1.345386962,1.672218001,1.077787442,2.004005201,1
1.480818478,1.345386962,1.659030057,1.104642743,2.035421118,1
1.480818478,1.345386962,1.644952981,1.131073764,2.066837035,1
1.480818478,1.345386962,1.630000664,1.157052414,2.098252952,1
1.480818478,1.345386962,1.614187862,1.182551062,2.129668868,1
1.480818478,1.345386962,1.597530182,1.207542556,2.161084785,1
1.480818478,1.345386962,1.580044061,1.23200025,2.192500702,1
1.480818478,1.345386962,1.561746756,1.255898024,2.223916619,1
1.480818478,1.345386962,1.542656326,1.279210303,2.255332536,1
1.480818478,1.345386962,1.522791609,1.301912077,2.286748453,1
1.480818478,1.345386962,1.50217221,1.323978914,2.318164369,-0.018606501
1.480818478,1.345386962,1.480818478,1.345386962,2.317579829,0
-1.490591946,-1.503609952,0,0,0,-0.308876358
-1.490591946,-1.503609952,0.065457628,1.27E-21,-0.020218314,-0.072188048
-1.490591946,-1.503609952,0.130901878,-0.001323353,-0.024943572,-0.175680999
-1.490591946,-1.503609952,0.196339144,-0.00295593,-0.036443234,-0.28365689
-1.490591946,-1.503609952,0.261753309,-0.00534089,-0.055010741,-0.348408482
-1.490591946,-1.503609952,0.327111919,-0.008939947,-0.077816734,-0.391570983
-1.490591946,-1.503609952,0.392371459,-0.014028506,-0.103448042,-0.423823862
-1.490591946,-1.503609952,0.457479152,-0.020787899,-0.131190546,-0.451335914
-1.490591946,-1.503609952,0.522374293,-0.029350709,-0.160733925,-0.47771649
-1.490591946,-1.503609952,0.586988179,-0.039826726,-0.192004113,-0.504466528
-1.490591946,-1.503609952,0.651242942,-0.05231778,-0.225025295,-0.531832104
-1.490591946,-1.503609952,0.715050283,-0.066923407,-0.259837763,-0.559564713
-1.490591946,-1.503609952,0.778310608,-0.083741027,-0.296465542,-0.587758225
-1.490591946,-1.503609952,0.840912648,-0.102863935,-0.334938801,-0.8381018
-1.490591946,-1.503609952,0.902732824,-0.124380601,-0.389798957,-0.841372722
-1.490591946,-1.503609952,0.963280179,-0.149254661,-0.44487322,-0.847917093
-1.490591946,-1.503609952,1.022366504,-0.177423922,-0.500375862,-0.851410137
-1.490591946,-1.503609952,1.079799178,-0.20882757,-0.55610715,-0.855013136
-1.490591946,-1.503609952,1.135393422,-0.243381601,-0.612074282,-0.857717003
-1.490591946,-1.503609952,1.188967739,-0.280991355,-0.668218402,-0.860252136
-1.490591946,-1.503609952,1.240347184,-0.321548152,-0.724528467,-0.862326367
-1.490591946,-1.503609952,1.289362643,-0.364932317,-0.780974305,-0.864104236
-1.490591946,-1.503609952,1.335852483,-0.411012637,-0.837536519,-0.865656955
-1.490591946,-1.503609952,1.37966296,-0.459647431,-0.89420037,-0.866958114
-1.490591946,-1.503609952,1.420648763,-0.510685309,-0.950949392,-0.86799845
-1.490591946,-1.503609952,1.458673791,-0.563965684,-1.007766511,-0.868777882
-1.490591946,-1.503609952,1.493611851,-0.619319392,-1.064634651,-0.869298691
-1.490591946,-1.503609952,1.525347266,-0.67656941,-1.121536881,-0.869560876
-1.490591946,-1.503609952,1.553775421,-0.73553161,-1.178456274,-0.869569937
-1.490591946,-1.503609952,1.578803257,-0.796015562,-1.235376259,-0.869329248
-1.490591946,-1.503609952,1.600349674,-0.857825375,-1.29228049,-0.868837624
-1.490591946,-1.503609952,1.618345873,-0.920760564,-1.34915254,-0.86808955
-1.490591946,-1.503609952,1.632735652,-0.984616928,-1.405975623,-0.867076292
-1.490591946,-1.503609952,1.643475643,-1.049187461,-1.46273238,-0.865786752
-1.490591946,-1.503609952,1.650535493,-1.11426326,-1.519404727,-0.864207493
-1.490591946,-1.503609952,1.653897985,-1.179634467,-1.5759737,-0.8623226
-1.490591946,-1.503609952,1.653559088,-1.245091218,-1.632419292,-0.86011392
-1.490591946,-1.503609952,1.649527947,-1.310424601,-1.688720309,-0.857561469
-1.490591946,-1.503609952,1.6418268,-1.375427627,-1.744854249,-0.854644501
-1.490591946,-1.503609952,1.630490824,-1.439896199,-1.800797251,-0.851344151
-1.490591946,-1.503609952,1.615567897,-1.503630077,-1.856524219,-0.847647482
-1.490591946,-1.503609952,1.597118278,-1.56643384,-1.912009213,-0.843553591
-1.490591946,-1.503609952,1.575214172,-1.628117803,-1.96722623,-0.83908089
-1.490591946,-1.503609952,1.549939176,-1.68849889,-2.022150475,-0.834271961
-1.490591946,-1.503609952,1.521387575,-1.747401412,-2.076759939,-0.829184683
-1.490591946,-1.503609952,1.4896635,-1.804657714,-2.131036401,-0.823842327
-1.490591946,-1.503609952,1.454879998,-1.860108675,-2.184963166,-0.818095725
-1.490591946,-1.503609952,1.417158219,-1.913604174,-2.238513772,-0.811377717
-1.490591946,-1.503609952,1.376627166,-1.96500393,-2.291624632,-0.802630338
-1.490591946,-1.503609952,1.333424662,-2.014179581,-2.344162911,-0.791856908
-1.490591946,-1.503609952,1.287699354,-2.061018639,-2.395995986,-0.784366788
-1.490591946,-1.503609952,1.239608732,-2.105425767,-2.447338775,-0.78484839
-1.490591946,-1.503609952,1.189302496,-2.147306356,-2.498713089,-0.78402351
-1.490591946,-1.503609952,1.136911993,-2.186548378,-2.550033408,-0.778070235
-1.490591946,-1.503609952,1.082577438,-2.223051216,-2.60096404,-0.770967197
-1.490591946,-1.503609952,1.026455028,-2.256740624,-2.651429724,-0.763134087
-1.490591946,-1.503609952,0.968704632,-2.287556088,-2.701382672,-0.754307985
-1.490591946,-1.503609952,0.90948759,-2.31544951,-2.750757883,-0.7446973
-1.490591946,-1.503609952,0.848966032,-2.340386273,-2.799504002,-0.734223623
-1.490591946,-1.503609952,0.787301276,-2.362344391,-2.847564539,-0.723165919
-1.490591946,-1.503609952,0.724652811,-2.381314653,-2.894901265,-0.712605059
-1.490591946,-1.503609952,0.661176868,-2.3972992,-2.941546702,-0.703008315
-1.490591946,-1.503609952,0.597024632,-2.410306572,-2.987563958,-0.693540605
-1.490591946,-1.503609952,0.532341956,-2.420349105,-3.032961481,-0.682760875
-1.490591946,-1.503609952,0.467270172,-2.427445867,-3.077653389,-0.668994574
-1.490591946,-1.503609952,0.401946302,-2.431628328,-3.121444187,-0.650151848
-1.490591946,-1.503609952,0.33650196,-2.43294711,-3.164001585,-0.623448638
-1.490591946,-1.503609952,0.271060766,-2.431480397,-3.204811054,-0.585274155
-1.490591946,-1.503609952,0.205733897,-2.427345026,-3.243121712,-0.531352992
-1.490591946,-1.503609952,0.140613353,-2.420710587,-3.277902818,-0.457363897
-1.490591946,-1.503609952,0.075762901,-2.411815652,-3.307840774,-0.360543942
-1.490591946,-1.503609952,0.011207764,-2.400983503,-3.331441125,-0.243347839
-1.490591946,-1.503609952,-0.053073776,-2.388630988,-3.347370098,-0.119777591
-1.490591946,-1.503609952,-0.117150407,-2.375256144,-3.355210455,-0.020381057
-1.490591946,-1.503609952,-0.181120206,-2.361379333,-3.35654455,0.016387289
-1.490591946,-1.503609952,-0.245071435,-2.347417193,-3.355471877,-0.028576675
-1.490591946,-1.503609952,-0.309037604,-2.33352366,-3.357342439,-0.136081458
-1.490591946,-1.503609952,-0.372977673,-2.319510498,-3.366250008,-0.265132048
-1.490591946,-1.503609952,-0.436790383,-2.304928349,-3.383604923,-0.38307802
-1.490591946,-1.503609952,-0.500340425,-2.289240987,-3.408680302,-0.476400385
-1.490591946,-1.503609952,-0.563477163,-2.271965183,-3.439864341,-0.544738575
-1.490591946,-1.503609952,-0.626044562,-2.252729238,-3.475521636,-0.59299881
-1.490591946,-1.503609952,-0.687886434,-2.23127501,-3.514337931,-0.62687833
-1.490591946,-1.503609952,-0.748849159,-2.207437072,-3.5553719,-0.651141555
-1.490591946,-1.503609952,-0.808782676,-2.18111836,-3.597994082,-0.669236545
-1.490591946,-1.503609952,-0.867540341,-2.152269826,-3.641800719,-0.683435895
-1.490591946,-1.503609952,-0.924978283,-2.120875816,-3.686536811,-0.695147417
-1.490591946,-1.503609952,-0.980954782,-2.086944523,-3.732039512,-0.705217086
-1.490591946,-1.503609952,-1.035329909,-2.050502149,-3.77820135,-0.714135622
-1.490591946,-1.503609952,-1.087965462,-2.011589431,-3.824946974,-0.722155084
-1.490591946,-1.503609952,-1.13872518,-1.970259634,-3.872217533,-0.7293671
-1.490591946,-1.503609952,-1.187475243,-1.926577458,-3.919960173,-0.735772149
-1.490591946,-1.503609952,-1.234085046,-1.880618484,-3.968122073,-0.741337927
-1.490591946,-1.503609952,-1.278428186,-1.832468853,-4.016648295,-0.746037357
-1.490591946,-1.503609952,-1.320383524,-1.782224941,-4.065482131,-0.749864843
-1.490591946,-1.503609952,-1.359836219,-1.729992901,-4.114566505,-0.752837637
-1.490591946,-1.503609952,-1.396678648,-1.675888036,-4.163845471,-0.75499013
-1.490591946,-1.503609952,-1.4308112,-1.62003403,-4.213265334,-0.756366381
-1.490591946,-1.503609952,-1.462142905,-1.562562077,-4.262775283,0.015940928
-1.490591946,-1.503609952,-1.490591946,-1.503609952,-4.261731828,0
